,title,release_year,titleId
0,Shershaah,2021,10295212
1,Mimi,2021,10895576
2,#Home,2021,10534500
3,Boomika,2021,11073148
4,The Family Man,2019,9544034
5,Lion,2016,3741834
6,3 Idiots,2009,1187043
7,Life of Pi,2012,0454876
8,Haseen Dillruba,2021,11027830
9,Soorarai Pottru,2020,10189514
10,Uri: The Surgical Strike,2019,8291224
11,Dangal,2016,5074352
12,The Fall,2006,0460791
13,The Darjeeling Limited,2007,0838221
14,Sacred Games,2018,6077448
15,Andhadhun,2018,8108198
16,Hotel Mumbai,2018,5461944
17,Gangs of Wasseypur,2012,1954470
18,Drishyam 2,2021,12361178
19,The Hundred-Foot Journey,2014,2980648
20,Kota Factory,2019,9432978
21,The Way Back,2010,1023114
22,Gandhi,1982,0083987
23,Bãhubali: The Beginning,2015,2631186
24,Taare Zameen Par,2007,0986264
25,The Man Who Knew Infinity,2015,0787524
26,LOC: Kargil,2003,0347416
27,Vanity Fair,2004,0241025
28,The Jungle Book,1994,0110213
29,Dil Bechara,2020,8110330
30,PK,2014,2338151
31,Pather Panchali,1955,0048473
32,Special OPS,2020,11854694
33,Baahubali 2: The Conclusion,2017,4849438
34,Skater Girl,2021,6964940
35,K.G.F: Chapter 1,2018,7838252
36,Four More Shots Please!,2019,8242548
37,Good Newwz,2019,8504014
38,Laal Singh Chaddha,2021,10028196
39,Kesari,2019,6264938
40,Chennai Express,2013,2112124
41,Drishyam,2015,4430212
42,Apur Sansar,1959,0052572
43,Hera Pheri,2000,0242519
44,Kuch Kuch Hota Hai,1998,0172684
45,Mismatched,2020,12719250
46,Mastram,2020,12196626
47,My Name Is Khan,2010,1188996
48,Bajirao Mastani,2015,3735246
49,Lakshya,2004,0323013
50,Kabir Singh,2019,8983202
51,Master,2021,10579952
52,M.S. Dhoni: The Untold Story,2016,4169250
53,Pagglait,2021,11142762
54,Ghajini,2008,1166100
55,Vikram Vedha,2017,6148156
56,Padman,2018,7218518
57,Kal Ho Naa Ho,2003,0347304
58,Lagaan: Once Upon a Time in India,2001,0169102
59,The Last Hour,2021,9805612
60,The Second Best Exotic Marigold Hotel,2015,2555736
61,Gully Boy,2019,2395469
62,Bride & Prejudice,2004,0361411
63,Border,1997,0118751
64,Dil Chahta Hai,2001,0292490
65,Super 30,2019,7485048
66,Yeh Jawaani Hai Deewani,2013,2178470
67,Baby,2015,3848892
68,Zero,2018,6527426
69,Airlift,2016,4387040
70,Bhaag Milkha Bhaag,2013,2356180
71,Bombay,1995,0112553
72,Munna Bhai M.B.B.S.,2003,0374887
73,Om Shanti Om,2007,1024943
74,Pink,2016,5571734
75,"Swades: We, the People",2004,0367110
76,Kaagaz,2021,9569610
77,Malang - Unleash the Madness,2020,9877170
78,Lust Stories,2018,8439854
79,The Lunchbox,2013,2350496
80,Stree,2018,8108202
81,Inside Edge,2017,6112414
82,Special Chabbis,2013,2377938
83,Black Friday,2004,0400234
84,Sultan,2016,4832640
85,War,2019,7430722
86,Rockstar,2011,1839596
87,Section 375,2019,8144834
88,The Dirty Picture,2011,1954206
89,Kahaani,2012,1821480
90,Rang De Basanti,2006,0405508
91,Tamasha,2015,3148502
92,The Tenant,2021,8404998
93,Jagame Thandhiram,2021,10661848
94,Gong fu yu jia,2017,4217392
95,Drishyam,2013,3417422
96,Dilwale Dulhania Le Jayenge,1995,0112870
97,Dil Dhadakne Do,2015,4110568
98,The Other Side of the Door,2016,3702652
99,Udaan,2010,1639426
100,Kapoor & Sons,2016,4900716
101,Hichki,2018,6588966
102,Dilwale,2015,4535650
103,Goliyon Ki Rasleela Ram-Leela,2013,2215477
104,The Reluctant Fundamentalist,2012,2032557
105,OK Kanmani,2015,4271820
106,Khuda Haafiz,2020,7363104
107,Rangbaaz,2018,9420618
108,Singham,2011,1948150
109,Te3n,2016,4814290
110,Talaash,2012,1787988
111,Secret Superstar,2017,6108090
112,Luka Chuppi,2019,8908002
113,Chhalaang,2020,8983164
114,RRR,2021,8178634
115,Toilet - Ek Prem Katha,2017,5785170
116,A Gentleman,2017,5613834
117,The Namesake,2006,0433416
118,Ugly,2013,2882328
119,Viceroy's House,2017,4977530
120,Kamasutra 3D,2013,2527238
121,Naam Shabana,2017,6170954
122,Chak De! India,2007,0871510
123,Ek Villain,2014,3175038
124,Jab Harry Met Sejal,2017,5997666
125,Anniyan,2005,0376127
126,Barfi!,2012,2082197
127,Jism 2,2012,2226666
128,Jab We Met,2007,1093370
129,The Test Case,2018,6868278
130,Gunjan Saxena: The Kargil Girl,2020,10350626
131,Angrezi Medium,2020,8907986
132,The Disciple,2020,11423784
133,Meru,2015,2545428
134,Bharat,2019,7721800
135,The Kapil Sharma Show,2016,5747326
136,Black,2005,0375611
137,A Wednesday,2008,1280558
138,Fan,2016,3495026
139,Guilty,2020,10062614
140,Dil Se..,1998,0164538
141,Poster Boys,2017,6352548
142,Krrish,2006,0432637
143,Qismat,2018,8665634
144,Newton,2017,6484982
145,Pathan,,12844910
146,Mohabbatein,2000,0213890
147,Dhoom:3,2013,1833673
148,Tanhaji: The Unsung Warrior,2020,8108274
149,Bangalore Days,2014,3668162
150,Theeran adhigaaram ondru,2017,7060460
151,B.A. Pass,2012,2408040
152,Andaz Apna Apna,1994,0109117
153,Iss Pyaar Ko Kya Naam Doon,2011,2300165
154,Sholay,1975,0073707
155,Veer-Zaara,2004,0420332
156,Madras Cafe,2013,2855648
157,Krrish 3,2013,1029231
158,Baar Baar Dekho,2016,5197544
159,Yeh Meri Family,2018,8595766
160,Aparajito,1956,0048956
161,Satya,1998,0195231
162,B.A. Pass 3,2021,14490618
163,Maheshinte Prathikaaram,2016,4851630
164,Shahid,2012,2181831
165,Madaari,2016,5713232
166,Udta Punjab,2016,4434004
167,Wazir,2016,0315642
168,Brothers,2015,3802576
169,Dostana,2008,1185420
170,Mahabharat,2013,3212600
171,Dhoom:2,2006,0441048
172,Main Hoon Na,2004,0347473
173,Taarak Mehta Ka Ooltah Chashmah,2008,1708446
174,Jodhaa Akbar,2008,0449994
175,Race 3,2018,7431594
176,Devdas,2002,0238936
177,Saaho,2019,6836936
178,2.0,2018,5080556
179,Dev.D,2009,1327035
180,Highway,2014,2980794
181,Vitthal Teedi,2021,14572344
182,Aruvi,2016,5867800
183,Rab Ne Bana Di Jodi,2008,1182937
184,Monsoon Wedding,2001,0265343
185,1971,2007,0983990
186,Dabangg,2010,1620719
187,Guzaarish,2010,1438298
188,Andhaghaaram,2020,9110340
189,Happy New Year,2014,2461132
190,Bang Bang,2014,2905838
191,Asoka,2001,0249371
192,Jallikattu,2019,8721556
193,Mohenjo Daro,2016,3859980
194,Wake Up Sid,2009,1324059
195,Step In,2021,14981016
196,Coolie No. 1,2020,10280276
197,Bhool Bhulaiyaa,2007,0995031
198,Holiday,2014,2556308
199,Gulaal,2009,1261047
200,Ustad Hotel,2012,2218988
201,Love Sonia,2018,3823392
202,Lage Raho Munna Bhai,2006,0456144
203,Sarfarosh,1999,0200087
204,Bose: Dead/Alive,2017,6883044
205,Dhoom,2004,0422091
206,Romeo Akbar Walter,2019,8550208
207,Jab Tak Hai Jaan,2012,2176013
208,Tere Naam,2003,0374271
209,Piku,2015,3767372
210,Take Off,2017,6315524
211,Prithviraj,2021,9637132
212,Karthik Calling Karthik,2010,1373156
213,"LSD: Love, Sex Aur Dhokha",2010,1608777
214,Phir Hera Pheri,2006,0419058
215,Prem Ratan Dhan Payo,2015,3595298
216,Kai po che!,2013,2213054
217,Vicky Donor,2012,2317337
218,Takht,,8816184
219,Devon Ke Dev... Mahadev,2011,2147999
220,Kaththi,2014,3801314
221,Jayeshbhai Jordaar,2021,10393870
222,Karan Arjun,1995,0113526
223,Khosla Ka Ghosla!,2006,0466460
224,Salaam Bombay!,1988,0096028
225,The Final Call,2019,9426440
226,Rajneeti,2010,1291465
227,Omkara,2006,0488414
228,Humpty Sharma Ki Dulhania,2014,3678938
229,Murder 2,2011,1918965
230,Baazigar,1993,0106333
231,Brahmastra,2021,6277462
232,Tubelight,2017,5882970
233,Sarbjit,2016,5120640
234,Welcome,2007,0488798
235,Darr,1993,0109555
236,Raanjhanaa,2013,2359810
237,Ra.One,2011,1562871
238,Mersal,2017,6485666
239,Motichoor Chaknachoor,2019,9172840
240,Housefull,2010,1573072
241,Leila,2019,9337588
242,Kambakkht Ishq,2009,1144804
243,Lipstick Under My Burkha,2016,4807830
244,Nanban,2012,2180477
245,Anand,1971,0066763
246,Baadshaho,2017,4906960
247,I,2015,2302966
248,Iruvar,1997,0119385
249,Kick,2014,2372222
250,Desi Boyz,2011,1985981
251,Raat,1992,0266875
252,Ekta,2019,8546144
253,We Are Family,2010,1428459
254,Khoon Bhari Maang,1988,0151206
255,Baadshah,1999,0211934
256,Ek Ladki Ko Dekha Toh Aisa Laga,2019,8108164
257,Billa,2007,0920457
258,Deewane Huye Paagal,2005,0444781
259,Zeher,2005,0451983
260,Parineeta,2005,0437407
261,Baazi,1995,0121989
262,Sarrainodu,2016,5457772
263,Pyaasa,1957,0050870
264,Ishqbaaaz,2016,5919914
265,Adventures of Tarzan,1985,0364049
266,Shatranj Ke Khilari,1977,0076696
267,Beyond the Clouds,2017,3224288
268,Nympho: The Lust Story,2020,12045028
269,Rosgulla,2019,9868356
270,Yevade Subramanyam,2015,4515070
271,Ugramm,2014,3320542
272,Neal 'N' Nikki,2005,0470869
273,Bhindi Baazaar,2011,1667823
274,Funny Boy,2020,13345636
275,Bhaagamathie,2018,6727296
276,Don,1978,0077451
277,The Lift Boy,2019,6937368
278,Comedy Couple,2020,12758600
279,A (Ad Infinitum),2021,12503708
280,Boom,2003,0330082
281,Vivah,2006,0494290
282,Dhadkan,2000,0255111
283,Jalebi,2018,8426854
284,The Other End of the Line,2007,1049405
285,Bluffmaster!,2005,0476527
286,Gabbar Singh,2012,2304655
287,Manichitrathazhu,1993,0214915
288,Bobby,1973,0069810
289,Aalavandhan,2001,0294264
290,Golmaal Again,2017,1806913
291,Jurm,2005,0445022
292,Bypass Road,2019,9176260
293,Zinda,2006,0488906
294,Hushaaru,2018,9396050
295,Kabza,2021,11364772
296,Grand Masti,2013,2476154
297,Kahiin To Hoga,2003,1494058
298,Chandni Chowk to China,2009,1091229
299,Love and Shukla,2017,7647198
300,Dalaal,1993,0106653
301,Chaalbaaz,1989,0122427
302,Panchatanthiram,2002,0385928
303,Dhh,2017,7613166
304,Saathiya,2002,0330843
305,Singh Is Kinng,2008,1146325
306,Patiala House,2011,1535467
307,Jai Lava Kusa,2017,6861726
308,Bhalobasa Bhalobasa,2008,1398944
309,Hum Hain Rahi Pyar Ke,1993,0107166
310,Chaitanyam,2021,15208338
311,Adam Joan,2017,6581440
312,Amar Prem,2020,13751982
313,Razia Sultan,1983,0152148
314,Once Again,2018,4232066
315,Mann Kee Awaaz Pratigya,2009,2265000
316,Junglee,1961,0055035
317,Kachchi Kali,1987,0476273
318,A Summer Story,2019,10731210
319,Taal,1999,0152836
320,Aashiqui,1990,0149573
321,Kaisi Yeh Yaariyan,2014,4014320
322,Qissa: The Tale of a Lonely Ghost,2013,2334779
323,Parava,2017,6212984
324,Sura,2010,1650433
325,The True Cost,2015,3162938
326,Ikko Mikke,2020,11947446
327,Kandukondain Kandukondain,2000,0242572
328,Kullfi Kumarr Bajewala,2018,8163874
329,Ishq,1997,0133024
330,No Entry,2005,0451833
331,Kanthaswamy,2009,1537032
332,Ab Tak Chhappan,2004,0402014
333,Kuch Kuch Locha Hai,2015,4272420
334,Haqeeqat,1964,0154565
335,Pyar Kiye Jaa,1966,0176075
336,Khakee,2004,0347332
337,Rain,2017,7166518
338,Pyaar To Hona Hi Tha,1998,0173081
339,Kaalia,1981,0082594
340,Madly,2016,4874298
341,Moothon,2019,6409416
342,Julie,1975,0187192
343,Peepli [Live],2010,1447508
344,Ki & Ka,2016,4744086
345,Fire,1996,0116308
346,Lights! Camera! Murder!,2021,7779818
347,The Suite Life of Karan & Kabir,2012,4193556
348,Satyam Shivam Sundaram: Love Sublime,1978,0078204
349,Ek: The Power of One,2009,1454461
350,All the Best: Fun Begins,2009,1433905
351,Yamla Pagla Deewana,2011,1773109
352,Baked,2015,4775018
353,Rakshak,1996,0135621
354,Chotushkone,2014,4115752
355,Golmaal,1979,0079221
356,Indian 2,,8066940
357,Namaste England,2018,7607940
358,Aaraattu,,13468976
359,Agar Tum Na Hote,1983,0246413
360,Magadheera,2009,1447500
361,Ramaiya Vastavaiya,2013,2357926
362,Eeb Allay Ooo!,2019,9343754
363,Dharam Kanta,1982,0379250
364,Naayak,2013,2440354
365,Maachis,1996,0116950
366,Victory,2009,1170411
367,Har Dil Jo Pyar Karega...,2000,0250415
368,Raja,1995,0114230
369,Kalyug,2005,0499041
370,Aamar Pratigya,2008,1405469
371,Happy Bhag Jayegi,2016,5472758
372,Anwar,2007,0953306
373,Biwi No. 1,1999,0207341
374,Valimai,2021,10806040
375,Saajan,1991,0102825
376,Perfumed Garden: Tales of the Kama Sutra,2000,0169122
377,Sunday,2008,1039989
378,Nil Battey Sannata,2015,5005684
379,Old Monk,,11791964
380,Army,1996,0115568
381,Yes Boss,1997,0120540
382,Khuda Haafiz Chapter II: Agni Pariksha,,13022984
383,The Blue Umbrella,2005,0457802
384,Aarzoo,1999,0284811
385,Kasaba,2016,5642720
386,Teri Meri Kahaani,2012,2354407
387,Jeans,1998,0151121
388,Raja Babu,1994,0110942
389,1942: A Love Story,1994,0109010
390,Cat Sticks,2019,9348546
391,Rekka,2016,6126312
392,Humraaz,2002,0326576
393,The Hero: Love Story of a Spy,2003,0347167
394,MTV Warrior High,2015,5266398
395,Mr. & Mrs. Khiladi,1997,0162480
396,Dil Hai Ki Manta Nahin,1991,0101733
397,Abhimaan,2016,8682052
398,Operation Parindey,2020,3802574
399,Arishadvarga,2019,5293618
400,Saat Pake Bandha,2009,1443519
401,Mere Sajana Saath Nibhana,1992,0104854
402,Love Ni Bhavai,2017,7580570
403,Tumko Na Bhool Paayenge,2002,0310254
404,Mumbaikar,2021,13732212
405,Pakeezah,1972,0067546
406,The Great Father,2017,5996836
407,Kaappaan,2019,8411144
408,Anjaan,2014,3563156
409,Thera Para,2018,9511560
410,Njandukalude Naattil Oridavela,2017,6096884
411,Chakravyuh,2012,2292625
412,Geetaa Mera Naam,1974,0071541
413,Aisha,2010,1509732
414,Entertainment,2014,2978626
415,Bamfaad,2020,11730940
416,Boys,2003,0373733
417,Duniya,1984,0301231
418,Gali Guleiyan,2017,2302416
419,Thoda Pyaar Thoda Magic,2008,1191138
420,Saheb Biwi Aur Gangster,2011,2073070
421,Dev,2019,8751976
422,Apne,2007,0814014
423,Traffic,2016,2939912
424,Mother,1999,0338264
425,Sat Shri Akaal England,2017,7585674
426,Shamitabh,2015,3836958
427,Family: Ties of Blood,2006,0437182
428,Kaahin Kissii Roz,2001,1491938
429,Akele Hum Akele Tum,1995,0112313
430,Billa 2,2012,1891755
431,Jai Simha,2018,7756494
432,Caravan,1971,0066888
433,Chalo Dilli,2011,1884268
434,Kaajal,1965,0139398
435,Sadda Haq,2013,4886424
436,Sanam Bewafa,1991,0102835
437,Ardh Satya,1983,0085178
438,Raja Natwarlal,2014,3483712
439,Srimanthudu,2015,4727512
440,Partition,2007,0213985
441,Dosti: Friends Forever,2005,0449228
442,Size Zero,2015,4959326
443,Sufiyum Sujatayum,2020,10976066
444,Daruvu,2012,2304573
445,Agent Vinod,2012,1395025
446,Subedar Joginder Singh,2018,7246718
447,Ye Maaya Chesave,2010,1602585
448,Suhaag,1994,0111308
449,Agnyaathavaasi,2018,7711342
450,Sennai,2021,14664116
451,Bhai,1997,0135161
452,Sangam,1964,0058547
453,Police Aur Mujrim,1992,0251346
454,Khamoshi: The Musical,1996,0116763
455,Aan: Men at Work,2004,0363409
456,Arya 2,2009,1526323
457,Uppum Mulakum,2015,6650508
458,Paanch,2003,0356982
459,Naam,1986,0091598
460,Goutham Nanda,2017,7128254
461,MTV Roadies,2003,5017396
462,Hisss,2010,1244093
463,Dil Hai Tumhaara,2002,0328998
464,Vikramarkudu,2006,0858492
465,Stalin,2006,0366180
466,Son of Sardaar,2012,2178508
467,Ab Tumhare Hawale Watan Saathiyo,2004,0397882
468,Aamir,2008,1241195
469,Chaayam Poosiya Veedu,2015,5147626
470,Billa,2009,1525323
471,Ik Sandhu Hunda Si,2020,10916120
472,Muklawa,2019,8919396
473,Sajjan Singh Rangroot,2018,7762982
474,Silsila,1981,0083081
475,Khal Nayak,1993,0107311
476,C.I.D.,1956,0049041
477,Sketch,2018,6872436
478,Baba Teerthnath,2022,14400948
479,Thoongaavanam,2015,4937812
480,Hawaizaada,2015,4338154
481,Aladin,2009,1227762
482,Hello Mumbai: Salaam Mumbai,2016,5755594
483,Dharam Veer,1977,0213611
484,Chittagong,2012,1785333
485,Ekkees Tareekh Shubh Muhurat,2018,7769346
486,Zameen,2003,0382385
487,Yeh Saali Zindagi,2011,1754920
488,Roop Ki Rani Choron Ka Raja,1993,0107986
489,Chal Mere Bhai,2000,0245825
490,Chandni,1989,0097045
491,Vikrant Rona,2022,12015102
492,Bunty Aur Babli,2005,0448206
493,Thoovanathumbikal,1987,0249188
494,Musafir,2004,0430381
495,Hum Hain Kamaal Ke,1993,0317680
496,Tanhaiyan,2017,5896814
497,Raaz: The Mystery Continues,2009,1340838
498,Rocketry: The Nambi Effect,2021,9263550
499,Marzi,2020,10305992
500,Irumbu Thirai,2018,7179784
501,Talaash: The Hunt Begins...,2003,0338477
502,Haan Maine Bhi Pyaar Kiya,2002,0308347
503,Villain,2017,6616800
504,Sarkar Raj,2008,0490210
505,Jamai Raja,2014,4455902
506,Aa Ab Laut Chalen,1999,0149568
507,Sooryavansham,1999,0214178
508,Tees Maar Khan,2010,1572311
509,Chashme Baddoor,2013,2229848
510,Pyaar Ka Dard Hai Meetha Meetha Pyaara Pyaara,2012,3248552
511,Chameli,2003,0383975
512,Judwaa,1997,0119428
513,Luv Ka the End,2011,1918927
514,Ambarsariya,2016,5565818
515,Ye mard bechara,2021,11026788
516,Lapachhapi,2017,5501124
517,Prem Rog,1982,0084532
518,Geet,2010,1876868
519,Kaazhcha,2004,0425162
520,Chain Kulii Ki Main Kulii,2007,1016159
521,Kasoor,2001,0272688
522,Roar,2014,3796006
523,Hazaaron Khwaishein Aisi,2003,0411469
524,Chutney,2016,6289266
525,Kkavyanjali,2005,1486317
526,Saakshyam,2018,7757972
527,One 2 Ka 4,2001,0227194
528,Joker,2012,1918886
529,Aramm,2017,6270936
530,Bade Miyan Chote Miyan,1998,0118673
531,Umrika,2015,2614722
532,Sex Education,2018,6111144
533,Yamla Pagla Deewana Phir Se...,2018,7609114
534,Charuulata 2011,2012,2513380
535,Do Aur Do Paanch,1980,0080638
536,Refugee,2000,0250690
537,The Past,2018,8011712
538,Izzatdaar,1990,0099869
539,Rebel,2012,2235858
540,Murdered to Moksha,,4724842
541,Finding Fanny,2014,3142688
542,Race Gurram,2014,3142764
543,S/O Satyamurthy,2015,4596814
544,Girlfriend,2004,0414714
545,Badal,2000,0247944
546,Zubeidaa,2001,0255713
547,Vaayai Moodi Pesavum,2014,3465996
548,Sunday Holiday,2017,6649794
549,Pilla Zamindar,2011,2098782
550,Krodhi,1981,0214866
551,Humko Deewana Kar Gaye,2006,0444840
552,Shabd,2005,0409527
553,Umrao Jaan,2006,0485522
554,Bandini,1963,0056850
555,Haseena Maan Jaayegi,1999,0267548
556,1983,2014,3506970
557,Dil Toh Baccha Hai Ji,2011,1727496
558,Lamhe,1991,0102258
559,Vasoolraja M.B.B.S,2004,0423470
560,Zakhm,1998,0211126
561,Project Kahuta,2022,10272402
562,Adithya Varma,2019,8303612
563,Raja Rani,2013,3203910
564,Orange,2010,1533748
565,Allah-Rakha,1986,0090611
566,Aandhi,1975,0178186
567,Oppam,2016,5548032
568,Rascals,2011,1830786
569,Hatya,1988,0363666
570,Lines,2021,9603216
571,Hey Jude,2018,6385856
572,Maryan,2013,2793930
573,Heart Attack,2014,3542320
574,Aravindha Sametha Veera Raghava,2018,7765910
575,Balakot: the true story,2020,10852008
576,Chola,2019,8517272
577,Nagordola,2005,1399058
578,The Nudity,2020,13617896
579,Music Teacher,2019,3257794
580,Malli Raava,2017,7684228
581,Ishaqzaade,2012,2308773
582,Kabhie Kabhie,1976,0074730
583,Dariya Dil,1988,0377738
584,Pathemari,2015,4928620
585,Rakhta Charitra 2,2010,1727535
586,K. Street Pali Hill,2004,1491935
587,Sonar Kella,1974,0072190
588,Unfreedom,2014,2049630
589,Tashan,2008,0995752
590,Swarg,1990,0173283
591,Gunga Jumna,1961,0054910
592,Dunali,2021,14514160
593,Bin Bulaye Baraati,2011,1947973
594,Monsoon Shootout,2013,2198235
595,Ek Phool Do Mali,1969,0214665
596,Raja Hindustani,1996,0117437
597,Devi: Goddess,2017,5958170
598,Alice in Panchalinadu,2021,15310274
599,Anuraga Karikkin Vellam,2016,5375324
600,Aaja Nachle,2007,0986213
601,Brick Lane,2007,0940585
602,Ghayal Once Again,2016,4683366
603,Puthiya Niyamam,2016,5323568
604,Jaana Na Dil Se Door,2016,7763100
605,Sandook - Ek Rahasya,2021,15163780
606,Ezra,2017,5892746
607,Main Tera Hero,2014,2762334
608,Dharmatma,1975,0361505
609,Jai Gangaajal,2016,4979082
610,Guppy,2016,5889462
611,Bishh,2009,1394312
612,Kismat Konnection,2008,1105733
613,Kothanodi,2015,4577388
614,Salaam Namaste,2005,0456165
615,Shareek,2015,4930000
616,Daag: A Poem of Love,1973,0150251
617,Dangal,2013,5911540
618,Dulhe Raja,1998,0210659
619,Chamak,2017,7838228
620,Mehbooba,1976,0268449
621,Bhoot,2003,0341266
622,7 Aum Arivu,2011,1725795
623,Socha Na Tha,2005,0451919
624,Liar's Dice,2013,2343621
625,Samadhi,1972,0284456
626,Suryavanshi,1992,0105500
627,Tagore,2003,0361037
628,Arjun,1985,0266260
629,Chocolate: Deep Dark Secrets,2005,0454431
630,The Warrior,2001,0295682
631,The Last Redemption,2021,15289480
632,Out of Time,2021,3522422
633,Ankhen,1968,0147811
634,Mr. & Mrs. '55,1955,0048392
635,MCA Middle Class Abbayi,2017,7516778
636,Draupathi,2020,11581264
637,Joker,2016,5611648
638,Fidaa,2017,7159382
639,Main Prem Ki Diwani Hoon,2003,0265148
640,Shaan,1980,0081491
641,Bewakoofiyaan,2014,3483646
642,Gumnaam,1965,0247394
643,Seeta Aur Geeta,1972,0078222
644,Rabb Da Radio,2017,6750852
645,Fraud Saiyyan,2019,5013008
646,Naan Kadavul,2009,1379228
647,Ayalum Njanum Thammil...,2012,2476214
648,Jurm,1990,0156659
649,Bloodstone,1988,0094765
650,Kamathipura,2021,14149424
651,Khuda Gawah,1992,0104607
652,Aankhen,1993,0106204
653,Mere Yaar Ki Shaadi,2020,15122462
654,Divya Shakti,1993,0337613
655,Janwar,1965,0317751
656,Haathi Mere Saathi,1971,0272118
657,Janbaaz,1986,0091284
658,Main Aur Charles,2015,4024944
659,Golmaal 3,2010,1562859
660,Amar Prem,1972,0066758
661,Maine Pyaar Kyun Kiya,2005,0451803
662,Dedh Ishqiya,2014,2675978
663,Varuthapadatha Valibar Sangam,2013,3215258
664,U Turn,2016,5377564
665,Hotel,1981,0260077
666,Hamraaz,1967,0061744
667,Ek Main Aur Ekk Tu,2012,1703958
668,Dulhan Hum Le Jayenge,2000,0247992
669,Lingaa,2014,4020624
670,Jayantabhai Ki Luv Story,2013,2622130
671,Hello,2017,6816070
672,Paayum Puli,2015,4995748
673,Darna Zaroori Hai,2006,0476649
674,Innocent The Bhola,,9728774
675,China Gate,1998,0210609
676,Kashmir The Story,2018,10184008
677,Ardaas,2016,5565670
678,Jugnu,1973,0070253
679,Yeh Hai Jalwa,2002,0328671
680,The Xpose,2014,3645014
681,Bombay to Goa,1972,0068305
682,Jatt James Bond,2014,3732110
683,Vinci Da,2019,10217550
684,Untitled Ranveer Singh & Shankar Film,,13971952
685,Aaha Kalyanam,2014,2995992
686,Dil Aashna Hai (...The Heart Knows),1992,0101732
687,Waqt: The Race Against Time,2005,0390614
688,Dil Pardesi Ho Gayaa,2003,0391079
689,Vinashak - Destroyer,1998,0130348
690,Nigahen: Nagina Part II,1989,0187351
691,Geraftaar,1985,0089194
692,Mayday,2022,11460992
693,Bandh Darwaza,1990,0259877
694,Mere Jeevan Saathi,2006,0418880
695,Resham Ki Dori,1974,0155106
696,Tum Mere Ho,1990,0173369
697,Balika Vadhu,2008,2103372
698,22 Female Kottayam,2012,2363047
699,Woh Kaun Thi?,1964,0232960
700,Shree 420,1955,0048613
701,Gemini,2002,0327761
702,Rang,1993,0193449
703,Heer Ranjha,1992,0104404
704,Hello Brother,1999,0233856
705,Mere Baap Pehle Aap,2008,1170404
706,Yevadu,2014,2211173
707,Mastram,2013,3431714
708,NGK,2019,8094252
709,Before the Rains,2007,0870195
710,Dasvidaniya,2008,1288638
711,Veerey Ki Wedding,2018,7262178
712,Charitra,2020,12835910
713,Crook: It's Good to Be Bad,2010,1753640
714,Ishq Mein Marjawan,2017,7690340
715,Haseena Maan Jayegi,1968,0239452
716,Raju Ban Gaya Gentleman,1992,0173102
717,Jihne Mera Dil Luteya,2011,2014260
718,Shakespeare-Wallah,1965,0059709
719,Hindustan Ki Kasam,1999,0207513
720,God Tussi Great Ho,2008,0476550
721,Kochi Rajavu,2005,0448225
722,Tadakha,2013,2398340
723,Agni Pankh,2004,0363413
724,Traffic,2011,1821682
725,...Aur Pyaar Ho Gaya,1997,0118525
726,Aegan,2008,1311638
727,Matru ki Bijlee ka Mandola,2013,2106537
728,Love Story 2050,2008,0490170
729,Chasani,2019,10526292
730,Kaliveera,2021,14025850
731,Ajay,1996,0267252
732,Andala Rakshasi,2012,2316756
733,Bheeshmaparvam,,14002046
734,Anjaniputra,2017,7778560
735,Kaagaz Ke Phool,1959,0052954
736,Yeto Vellipoyindhi Manasu,2012,2247129
737,Deewana,1992,0126871
738,Naseeb,1981,0082797
739,Bambukat,2016,5929890
740,Ankhiyon Ke Jharokhon Se,1978,0165625
741,Jangal Mein Mangal,1972,0435079
742,Jab Jab Phool Khile,1965,0305689
743,Aadhi Bhagavan,2013,1671446
744,Kaal,2005,0415908
745,Barroz: Guardian of D'Gama's Treasure,2022,10345546
746,Who,2018,7282370
747,Tholi Prema,2018,7705790
748,Yuvarathnaa,2021,9320226
749,The Wife,2021,5866300
750,Jodi No. 1,2001,0278522
751,The Dark Side of Life: Mumbai City,2018,9007142
752,"Main, Meri Patni... Aur Woh!",2005,0485513
753,Paraya Dhan,1971,0067553
754,Anjali,1990,0099043
755,Black Rose,2020,11841830
756,Haré Rama Haré Krishna,1971,0067183
757,Pinjar: Beyond Boundaries...,2003,0347779
758,Jheel Ke Us Paar,1973,0070241
759,Thanmathra,2005,0483180
760,Har Yug Mein Aayega Ek - Arjun,2012,2328418
761,Iruttu,2019,9319840
762,Jaan-E-Mann: Let's Fall in Love... Again,2006,0456481
763,Machines,2016,5690244
764,The Song of Scorpions,2017,5178120
765,Naajayaz,1995,0113913
766,Dhammu,2012,2294567
767,100% Love,2011,1869226
768,Jatt & Juliet,2012,2196254
769,Sadak,1991,0156985
770,Vinnaithaandi Varuvaayaa,2010,1609168
771,Urumi,2011,1745863
772,Veera,2011,1783411
773,Ek Veer Stree Ki Kahaani... Jhansi Ki Rani,2009,1685078
774,Not Today,2021,13860794
775,Sabse Bada Khiladi,1995,0114317
776,Jai Ho,2014,1188982
777,Parinda,1989,0102636
778,Kanamachi,2013,2770974
779,Mass,2004,0445033
780,Satyagraha,2013,2275802
781,Nagavalli,2010,1772989
782,"Wife, i",2019,10681878
783,Saamy²,2018,6863784
784,Major Saab,1998,0172761
785,Jessie,2019,9903716
786,Bhaiaji Superhit,2018,2150177
787,Nishabd,2007,0824375
788,3 Storeys,2018,4552546
789,Gentleman,2020,11470290
790,China Town,1962,0268220
791,David,2013,2358412
792,Pardes Mein Hai Mera Dil,2016,6350894
793,Paap,2003,0399942
794,Saare Jahaan Se Mehnga...,2013,2857500
795,Ek Duuje Ke Liye,1981,0082314
796,Guddu Ki Gun,2015,4853926
797,Kavalai Vendam,2016,6268114
798,Dor,2006,0824316
799,Kareeb,1998,0189633
800,Naya Daur,1957,0050758
801,8 x 10 Tasveer,2009,1105709
802,Deewana Mujh Sa Nahin,1990,0101742
803,Zamaanat: And Justice for All,2021,0346172
804,Freedom @ Midnight,2021,13839622
805,Itihaas,1987,0093287
806,Biwi Ho To Aisi,1988,0168516
807,Yaadon Ki Baaraat,1973,0070935
808,100 Days,1991,0101244
809,'D',2005,0454435
810,Kodi,2016,5556784
811,Atkan Chatkan,2020,12969078
812,Chhoti Bahen,1959,0255050
813,Upendra,1999,2330098
814,Yaar Jigree Kasooti Degree,2018,9037590
815,My Autograph,2006,2917376
816,PremGranth,1996,0117374
817,Aunty No. 1,1998,0118654
818,Tera Intezaar,2017,5784852
819,Eklavya,2007,0459605
820,Netaji Subhas Chandra Bose: The Forgotten Hero,2005,0349878
821,Rang Rasiya,2008,1239276
822,Aaina,1993,0106203
823,Chuzhal,2021,14229058
824,Le Halua Le,2012,2356426
825,Agni Sakshi,1996,0115484
826,Ann Mariya Kalippilanu,2016,5838806
827,Sagara Sangamam,1983,0086231
828,Kshatriya,1993,0104645
829,Theevram,2012,2568760
830,Amanush,1975,0246420
831,Alghol- Psychological Thriller,2021,15269664
832,Juliet's X-Tape,,6149998
833,Spyder,2017,6522546
834,Pavitra Rishta,2009,2282359
835,Rog,2005,0443208
836,Bumm Bumm Bole,2010,1629241
837,Agni Varsha,2002,0326722
838,International Khiladi,1999,0196635
839,RK/RKAY,2021,14253018
840,Naan Mahaan Alla,2010,1507005
841,Pal Pal Dil Ke Paas,2019,6978954
842,Anwar Ka Ajab Kissa,2013,3164774
843,Dum Maaro Dum,2011,1618430
844,Tahalka,1992,0423313
845,Ferrari Ki Sawaari,2012,2122340
846,Atharintiki Daaredi,2013,3042926
847,Pyaar Kiya To Darna Kya,1998,0173080
848,Tony,2018,8017136
849,The Great Gambler,1979,0079236
850,Aamdani Atthanni Kharcha Rupaiya,2001,0305173
851,Kissebaaz,2019,3797888
852,Nautanki Saala!,2013,2341766
853,Buddha Mil Gaya,1971,0244443
854,Journey Bombay to Goa: Laughter Unlimited,2007,1083988
855,Humse Hai Liife,2011,2062144
856,Life Is Beautiful,2012,2298990
857,Mard,1985,0089552
858,June,2021,11384400
859,Deiva Thirumagal,2011,1857670
860,Shardula,2020,13182876
861,Yeh Vaada Raha,1982,0397742
862,Balak Palak,2013,2391492
863,Jaisi Karni Waisi Bharni,1989,0373935
864,Thamizhan,2002,0330977
865,Battalion 609,2019,9472208
866,Ek Je Chhilo Raja,2018,7822320
867,Dil,1990,0099429
868,Hadh Kar Di Aapne,2000,0244528
869,Big B,2007,0973783
870,Guddiyan Patole,2019,9390254
871,Garv: Pride and Honour,2004,0415003
872,Kutty,2010,1708487
873,Professor,1962,0056379
874,MP3: Mera Pehla Pehla Pyaar,2007,0860454
875,Two Countries,2015,4961334
876,Dr. Babasaheb Ambedkar,2000,0270321
877,Phir Teri Kahani Yaad Aayee,1993,0156891
878,5 Weddings,2018,1971310
879,Bairavaa,2017,6201292
880,Thalaivaa,2013,2617676
881,Maya,2008,0846033
882,Mera Naam Joker,1970,0066070
883,Golmaal Returns,2008,1092005
884,Thattathin Marayathu,2012,2248028
885,Dus,2005,0415768
886,Scotland,2019,10801314
887,Teesri Manzil,1966,0061073
888,Sahasam,2013,2905768
889,Singam 3,2017,5323640
890,Kachche Dhaage,1999,0206067
891,Atithi Tum Kab Jaoge?,2010,1578116
892,Yeh Dillagi,1994,0111793
893,Sahib Bibi Aur Ghulam,1962,0056436
894,Chashme Buddoor,1981,0082162
895,Ghanchakkar,2013,2246724
896,Vodka Diaries,2018,6275262
897,Kattappanayile Rithwik Roshan,2016,5598764
898,Ijaazat,1987,0091256
899,Khushi,2001,0258490
900,Ghare-Baire,1984,0087328
901,In the Name of Love!,2020,8286934
902,Ayan,2009,1355546
903,Bhopal: A Prayer for Rain,2014,0839742
904,99,2009,1370429
905,The Legend of Michael Mishra,2016,3224258
906,The Successful Loosers,2021,15004832
907,Bangistan,2015,3422462
908,Dushmani: A Violent Love Story,1995,0112916
909,Gharwali Baharwali,1998,0205968
910,Thamizh Padam 2,2018,7329602
911,Password,2020,13521972
912,Tum Mile,2009,1522329
913,Daraar,1996,0116024
914,Waqt,1965,0059893
915,Chaand Kaa Tukdaa,1994,0109391
916,Kadhalan,1994,0097416
917,Ziddi,1997,0120551
918,Guide,1965,0059246
919,Beyhadh,2016,6193550
920,Darna Mana Hai,2003,0349333
921,Mr. Majnu,2019,9021092
922,Adulting,2018,8427538
923,1920 London,2016,5638500
924,Karam,2005,0444849
925,Miruthan,2016,5455344
926,Anukokunda Oka Roju,2005,0473604
927,Black Currency: The Fake Currency Truth Unfolds,,4325984
928,Makdee,2002,0341455
929,Naksha,2006,0813540
930,Khiladi,1992,0104605
931,Koi Laut Ke Aaya Hai,2017,6581364
932,Charas,1976,0268216
933,Leader,1964,0058287
934,Kucch To Hai,2003,0348662
935,To Remember Me By,2019,7580876
936,A Scandall,2016,5780570
937,Ka Pae Ranasingam,2020,11731768
938,Saala Khadoos,2016,5310090
939,Mr. Natwarlal,1979,0079584
940,Pepper Chicken,2020,12983052
941,Upkar,1967,0146335
942,Khamosh,1986,0089413
943,Jungle Cry,,9319826
944,Page 3,2005,0443708
945,Khaidi,1983,0245997
946,Fire in the Mountains,2021,12312912
947,Andaz,1949,0041123
948,Manasanamaha,2020,11860854
949,Gehrayee,1980,0259322
950,Shadow,2013,2386295
951,King Uncle,1993,0107321
952,Kyun! Ho Gaya Na...,2004,0349703
953,Baadshah,2013,2204243
954,Maya Bazaar,1957,0249795
955,Kyunki Saas Bhi Kabhi Bahu Thi,2000,0278212
956,Sachein,2005,0453201
957,Balu,2005,0437084
958,Manmadhan Ambu,2010,1806959
959,Phir Kabhi,2008,1236441
960,Muse Hotshots digital,2020,13280742
961,Ek Ladka Ek Ladki,1992,0291883
962,Ansh: The Deadly Part,2002,0315777
963,Baankey Ki Crazy Baraat,2015,4177040
964,Jatt Jeona Mour,1992,0316054
965,Honeymoon Travels Pvt. Ltd.,2007,0808306
966,Marigold,2007,0329354
967,Yoddha,1992,0290937
968,Yaariyan,2014,3382148
969,Comedy Nights with Kapil,2013,3402548
970,Baabul,2006,0419468
971,Santhwanam,2020,14682792
972,Bewafa Sanam,1995,0439464
973,Saaya,2003,0371922
974,Dhanak,2015,4088588
975,Spadikam,1995,0292246
976,Thaanaa Serndha Koottam,2018,6237966
977,Jism,2003,0348843
978,Padayappa,1999,0213969
979,Dasavatharam,2008,0479651
980,Dil Maange More!!!,2004,0328729
981,Virgin Suspect,2021,13900104
982,Mausam,2011,1627924
983,Hrudayantar,2017,6335806
984,Nishant,1975,0073458
985,Rudaali,1993,0108001
986,Ramanujan,2014,3037162
987,Neeya 2,2019,8333790
988,Kati Patang,1970,0065936
989,Safar,1970,0148692
990,Pishachini,2021,13448664
991,Tu Aashiqui,2017,7752860
992,Kavach... Kaali Shaktiyon Se,2016,6352300
993,Scorned,2020,13759622
994,Keechaka,2015,5092096
995,Ragada,2010,1754394
996,Love Punjab,2016,5569468
997,Kaksha Gyaarvi,2018,9105088
998,Anupama,1966,0137361
999,Kadhalar Dinam,1999,0213753
1000,Nannaku Prematho,2016,5098128
1001,Odiyan,2018,6707906
1002,Narasimha,1991,0102513
1003,Gone Kesh,2019,10017956
1004,Kochadaiiyaan,2014,2339505
1005,The Great Man,,10267706
1006,Shaktiman,1993,0376182
1007,Aditya 369,1991,0252196
1008,Vaagai Sooda Vaa,2011,2078763
1009,Footpath,2003,0374660
1010,Brina,2016,5950816
1011,Bolo Na Tumi Amar,2010,1601453
1012,Marudhu,2016,5756242
1013,Super Singh,2017,5891348
1014,Drushyam,2014,3810932
1015,Joi Baba Felunath,1979,0077775
1016,Mere Jeevan Saathi,1972,0068938
1017,Kilukkam,1991,0255306
1018,AIB Honest Series,2013,6265018
1019,Hathyar: Face to Face with Reality,2002,0337633
1020,Dohchay,2015,4463780
1021,Devasuram,1993,0291855
1022,Lamhaa: The Untold Story of Kashmir,2010,1309561
1023,Kerala Varma Pazhassi Raja,2009,0887769
1024,Main Aisa Hi Hoon,2005,0444874
1025,Loha,1997,0440590
1026,Farishtay,1991,0187004
1027,Legend,2014,3555036
1028,Brahmachari,1968,0147925
1029,Bhooter Bhabishyat,2012,2351177
1030,The Burning Train,1980,0158534
1031,Velayudham,2011,1965272
1032,Woh 7 Din,1983,0086597
1033,Bigg Boss Telugu,2017,7805494
1034,Chhoti Bahu,1971,0377636
1035,Dolly Ki Doli,2015,4332114
1036,Barsaat,1995,0112459
1037,Wrong Side Raju,2016,5979920
1038,Athidhi,2007,0954914
1039,London Dreams,2009,0486615
1040,Takkar,1995,0135666
1041,Paani,,0348699
1042,Lootere,1993,0107440
1043,Ee. Ma. Yau,2018,7231194
1044,Abrahaminte Santhathikal,2018,7345930
1045,Bheemaa,2008,1034431
1046,Badla Jatti Da,1991,1401098
1047,Anpadh,1978,1534389
1048,The Stoneman Murders,2019,10436804
1049,Goopy Gyne Bagha Byne,1969,0063023
1050,Shaadi Karke Phas Gaya Yaar,2006,0430589
1051,Warrior Savitri,2016,4642936
1052,Rajkahini,2015,4948632
1053,Maryada Ramanna,2010,1582546
1054,Ghatak: Lethal,1996,0116407
1055,My Name Is Salt,2013,3276852
1056,Khamoshh... Khauff Ki Raat,2005,0437279
1057,Anarkali,2015,4947084
1058,Challenge,2009,1399178
1059,Kya Yehi Pyaar Hai,2002,0312883
1060,Mr. and Mrs. Iyer,2002,0329393
1061,Ishq,2012,2265381
1062,Roti,1974,0176105
1063,Killing Veerappan,2016,4897890
1064,Deewana Mastana,1997,0118957
1065,Aap Ki Kasam,1974,0175423
1066,Stiff Upper Lips,1997,0120210
1067,Laal Batti,2019,7351266
1068,Yogi,2009,1509838
1069,Action Hero Biju,2016,5320514
1070,Siya Ke Ram,2015,5700398
1071,Anaamika,2014,2939898
1072,Kaadhal,2004,0453740
1073,Haqeeqat,1995,0286672
1074,Aetbaar,2004,0377340
1075,Trishul,1978,0078418
1076,Lal Patthar,1971,0237395
1077,Amar Akbar Anthony,2015,5082670
1078,Divaswapna,2021,14076990
1079,Do Anjaane,1976,0074417
1080,Evanukku Engeyo Matcham Irukku,2018,9261624
1081,Fight Club: Members Only,2006,0456413
1082,Tottaa Pataaka Item Maal,2019,9000388
1083,Drona,2008,1060249
1084,Goa,2010,1421036
1085,Jab Pyaar Kisise Hota Hai,1998,0182251
1086,Doosara Aadmi,1977,0301215
1087,Lakeer - Forbidden Lines,2004,0426075
1088,Sheer Qorma,2021,10709592
1089,Shu Thayu,2018,8831284
1090,Aakrosh,1980,0080322
1091,Dear Vs Bear,2014,10346016
1092,Venganza,2021,14980926
1093,Hulchul,1995,0172574
1094,Being Cyrus,2005,0412308
1095,Eena Meena Deeka,1994,0109710
1096,Saawan... The Love Season,2006,0470521
1097,Anti Indian,2022,14344992
1098,Main Aurr Mrs Khanna,2009,1174041
1099,Boot Polish,1954,0046799
1100,Langto: The Film,2015,4981830
1101,Jonaki,2018,6346982
1102,Sayonee,2020,8537578
1103,Hume Tumse Pyaar Kitna,2019,6862542
1104,Manu,2018,6615648
1105,Janam Janam,1988,0359496
1106,Praktan,2016,5784350
1107,Ram Aur Shyam,1967,0062177
1108,Bhagat Dhanna Jatt,1974,0157385
1109,Do Dooni Chaar,2010,1714832
1110,Khiladiyon Ka Khiladi,1996,0246729
1111,Ram Jaane,1995,0114231
1112,Upacharapoorvam Gunda Jayan,2021,13229946
1113,Britto,2014,3952870
1114,Kidnap,2019,10300662
1115,Aadhavan,2009,1483820
1116,Blackmail,1973,0154706
1117,Munna,2007,0897374
1118,The Senapatis Vol-1,2019,9710744
1119,Agru,2021,15262424
1120,Rickshawala,2021,10927784
1121,Googly,2013,3075360
1122,Nathicharami,2018,9084890
1123,Oka Chinna Viramam,2020,11041466
1124,Tahaan,2008,1213928
1125,Amrapali,1966,0060104
1126,Vilom,2020,12965070
1127,English Babu Desi Mem,1996,0136153
1128,Double Dhamaal,2011,1728239
1129,Chokher Bali,2003,0366304
1130,Jab Pyar Kisise Hota Hai,1961,0230348
1131,Humayun,1945,0142385
1132,Khoon Pasina,1977,0076259
1133,Hamrahi,1963,0254372
1134,Banjara: The truck driver,2018,8665546
1135,Afsana Pyar Ka,1991,0327403
1136,Abhiyum Naanum,2008,1526875
1137,Dui Prithibi,2010,1737156
1138,Panther,2019,10789322
1139,Zakir Khan: Haq Se Single,2017,7020272
1140,Shehzaade,1989,0359965
1141,Bade Achhe Lagte Hain,2011,1985299
1142,Zanjeer,1973,0070947
1143,Bonus,2020,9044650
1144,Veergati,1995,0395802
1145,Sadda Adda,2012,1941638
1146,Endrendrum Punnagai,2013,3215518
1147,Andolan,1995,0112359
1148,Ittefaq,1969,0064506
1149,Muthu,1995,0140399
1150,Arzoo,1965,0058921
1151,Uriyadi,2016,4741412
1152,Madrasapattinam,2010,1365030
1153,Dhruva Natchathiram,2021,6735802
1154,Padi Padi Leche Manasu,2018,8093952
1155,Hum Tumhare Hain Sanam,2002,0222024
1156,Mumbai Pune Mumbai 3,2018,7748494
1157,Ladaai,1989,0366696
1158,Oru Kal Oru Kannadi,2012,2359201
1159,Sujata,1960,0053319
1160,Ram-Avtar,1988,0095955
1161,Manoranjan,1974,0071811
1162,Youngistaan,2014,3514330
1163,Mickey Virus,2013,2796318
1164,Baazi,2021,13051364
1165,Kadha Parayumbol...,2007,1111914
1166,Khushi,2003,0348656
1167,Na Tum Jaano Na Hum,2002,0248216
1168,Ekti Tarar Khonje: Beyond the Stars,2010,1706597
1169,Namak Haraam,1973,0070434
1170,Vellaipookal,2019,10055770
1171,Jhalki,2019,7743400
1172,Phir Milenge,2004,0422950
1173,Munnariyippu,2014,3885736
1174,Antenna,2021,14653702
1175,Ekk Deewana Tha,2012,2126282
1176,Suraj,1966,0061046
1177,Business Man,2012,2071613
1178,Darwaza,2002,0488287
1179,Dwarkadhish - Kingdom of Krishna,2019,9742298
1180,Saaransh,1984,0088031
1181,Surakksha,1979,0246261
1182,Shalimar,1978,0078241
1183,Lafangey Parindey,2010,1606267
1184,Chiriyakhana,1967,0061474
1185,The Killer Pen,2022,13385398
1186,Elaan,1994,0290183
1187,Yahudi,1958,0052411
1188,Sainik,1993,0290839
1189,Vellimoonga,2014,4110972
1190,Short Circuit,2019,7662118
1191,Dabangg 2,2012,2112131
1192,Shukranu,2020,11691696
1193,Utsav,1984,0088335
1194,Avarice,2020,13677378
1195,Prince,1969,0064842
1196,Malli Malli Idhi Rani Roju,2015,4431392
1197,Nilkanth Master,2015,5496754
1198,Dhaai Akshar Prem Ke,2000,0255112
1199,Mungaru Male,2006,0986329
1200,Keemat: They Are Back,1998,0286752
1201,Thanga Meengal,2013,2187248
1202,Heartless,2014,3334348
1203,The Voice (India),2015,7678864
1204,Akhil,2015,4974356
1205,Damarukam,2012,1842347
1206,IIT Krishnamurthy,2020,10801230
1207,Shaapit: The Cursed,2010,1600439
1208,Ravan Raaj: A True Story,1995,0114236
1209,Yaraana,1995,0115009
1210,Punjab 1984,2014,3607198
1211,Baaram,2018,9277762
1212,Irandam Ulagam,2013,3107246
1213,Raju Gari Gadhi,2015,5457570
1214,Gundaraj,1995,0375791
1215,MSG: The Messenger of God,2015,4107858
1216,Sur: The Melody of Life,2002,0332766
1217,Rabb Da Radio 2,2019,9614994
1218,Kuch Naa Kaho,2003,0369637
1219,Mausam,1975,0151511
1220,Yakeen,2005,0453978
1221,Jaani Dushman,1979,0079355
1222,Kranti,1981,0234054
1223,Chudail Story,2016,5914630
1224,Auzaar,1997,0118660
1225,Sijou,2021,12765384
1226,Putt Jattan De,1983,0302952
1227,Akkad Bakkad Rafu Chakkar,,15219392
1228,Om Jai Jagadish,2002,0327071
1229,Humjoli,1970,0175756
1230,Tenant,2014,3355996
1231,Mehboob Ki Mehndi,1971,0266757
1232,Teen Aur Aadha,2018,7028460
1233,Saheber Cutlet,2020,13216536
1234,Amazon Funnies - 10 Minute Stand-ups,2020,12874874
1235,Kalakalapu 2,2018,7483318
1236,The Battle of Bhima Koregaon,2021,13280154
1237,Teen Patti,2010,1183917
1238,Yeshwant,1997,0250122
1239,Bhanumathi & Ramakrishna,2020,12498582
1240,Oxygen,2017,6735678
1241,Sherlock Toms,2017,6667268
1242,Madhuram,2021,13671922
1243,Anaganaga O Dheerudu,2011,1621994
1244,Pehla Nasha,1993,0172980
1245,Rajkumar,1964,0314557
1246,Uriyadi 2,2019,10121762
1247,Full 3 Dhamaal,2008,1219340
1248,Yamla Pagla Deewana 2,2013,2510874
1249,Coolie No. 1,1995,0101616
1250,Shakthi: The Power,2002,0331639
1251,Laadla,1994,0187227
1252,Ek Rishtaa: The Bond of Love,2001,0284083
1253,Bhaskar the Rascal,2015,4584862
1254,Dishkiyaoon,2014,3539966
1255,Vaasta,2021,15084432
1256,Iddari Lokam Okate,2019,9154602
1257,Shaitani Ilaaka,1990,0261296
1258,Dil Se Di Dua... Saubhagyavati Bhava?,2011,5919848
1259,'Sambandh',1969,0362111
1260,Gaddaar,1995,0309618
1261,The Great Indian Escape,2019,5973036
1262,Aravaan,2012,2281103
1263,Agra,,11112532
1264,No Means No,2021,7624920
1265,Maattrraan,2012,2246837
1266,Sakthi,2011,1736647
1267,Chaudhvin Ka Chand,1960,0053706
1268,Ek Aur Ek Gyarah: By Hook or by Crook,2003,0354538
1269,Kaanchli Life in a Slough,2020,11508224
1270,Valley of Flowers,2006,0392883
1271,Krishna,1996,0135515
1272,Akbar Birbal,2014,4570984
1273,Souten,1983,0348078
1274,Sixteen,2013,2976172
1275,I Love Us,2019,10081582
1276,Anita,1967,0231150
1277,Parimala D'souza,2021,15198772
1278,Jis Desh Mein Ganga Rehta Hain,2000,0263491
1279,Shooter,2021,2599878
1280,Kashmir Ki Kali,1964,0058257
1281,Dhaad,2018,5184604
1282,Hijack,2008,1132589
1283,King Liar,2016,5335724
1284,Gitanjali,1989,0097437
1285,Hote Hote Pyar Hogaya,1999,0206020
1286,The Trader,2020,15013124
1287,Benaam,1974,0071205
1288,Gang of Ghosts,2014,3531604
1289,Khatta Meetha,1978,0077797
1290,Kuriyan Jawan Bapu Preshaan,2021,14303124
1291,Indian Idol,2004,0486068
1292,Iddarammayilatho,2013,2714622
1293,Sachin,2017,4640206
1294,Jaatishwar,2014,3365690
1295,Sanam Teri Kasam,1982,0156043
1296,French Biriyani,2020,12344410
1297,Belaseshe,2015,4658770
1298,Parzania,2005,0433425
1299,Life Lafde Aur Bandiyan,2016,5508864
1300,Aakhir Kyon?,1985,0247910
1301,Roudram,2008,1105741
1302,Kanakam Moolam,2021,14862520
1303,Pukar,1983,0086156
1304,Honey Bee 2: Celebrations,2017,6244876
1305,Golkeri,2020,11737756
1306,Yaarana,1981,0083349
1307,Chalte Chalte,1976,0360463
1308,Agyaat,2009,1415252
1309,Darwaza,1978,0252358
1310,Derma,2019,9758204
1311,MahaKumbh,2014,4088150
1312,Ek Khiladi Ek Haseena,2005,0461209
1313,Teen Devian,1965,0274944
1314,Ek Ajnabee,2005,0457875
1315,Randuper (Two Persons),2018,9110264
1316,Cash,2007,0872190
1317,Swayer corporations,2015,5771932
1318,Sisak,2017,5977412
1319,Muni,2007,4102346
1320,Khichdi,2002,1727829
1321,Chamatkar,1992,0126234
1322,Love,2020,12573294
1323,Chaahat,1996,0172234
1324,Dam999,2011,1656171
1325,Sagar Alias Jackie: Reloaded,2009,1334104
1326,King,2008,1305803
1327,Hum Dono,1961,0225961
1328,Sulemani Keeda,2014,2679480
1329,Devil's Daughter,2019,8346906
1330,Money Hai Toh Honey Hai,2008,1126516
1331,Half Dracula,2021,14766122
1332,Chaamp,2017,6531872
1333,Diljale,1996,0286593
1334,Virgin Bhanupriya,2020,11964084
1335,Singam,2010,1655607
1336,Iss Pyaar Ko Kya Naam Doon 3,2017,7118596
1337,Aakhri Cheekh,1991,0259831
1338,Ganesapuram,2021,14071778
1339,Beyond the Known World,2017,2814628
1340,Barood,1998,0286488
1341,Khoj,1989,0261001
1342,Pratiggya,1975,0216110
1343,Thira,2013,3329774
1344,Ek Rajai Teen Lugai,2017,6711156
1345,Karle Pyaar Karle,2014,3465488
1346,Marriage Palace,2018,8852242
1347,Buddha in a Traffic Jam,2016,1890363
1348,Teesri Kasam,1966,0061072
1349,The Last Color,2019,9602804
1350,E,2006,0910869
1351,Chameli Ki Shaadi,1986,0090812
1352,Desi Magic,2021,2914056
1353,Alif Laila,2020,14288610
1354,Chattambinadu,2009,1574343
1355,Ganashatru,1989,0097409
1356,Qatl,1986,0302955
1357,War Chhod Na Yaar,2013,3129282
1358,Rajamanikyam,2005,0483131
1359,Baaghi: A Rebel for Love,1990,0099080
1360,Soldier,1998,0211634
1361,LIE,2017,7249874
1362,Motu Patlu,2012,2649730
1363,Ashke,2018,8749962
1364,Pardesi Babu,1998,0119862
1365,Okka Magadu,2008,0928160
1366,Pyasa Shaitan,1984,0481897
1367,Yaar Anmulle,2011,2082513
1368,Barsaat Ki Ek Raat,1981,0080376
1369,Sachaa Jhutha,1970,0148691
1370,Jhankaar Beats,2003,0347278
1371,Kandireega,2011,2018083
1372,Khelein Hum Jee Jaan Sey,2010,1637691
1373,Meharbaani,1982,0445085
1374,Tevar,2015,3398048
1375,Ghayal,1990,0099652
1376,Helicopter Eela,2018,8427036
1377,Kanyadaan,1968,0320100
1378,Itihaas,1997,0286724
1379,Chori Chori,1956,0049072
1380,Double Target,1987,0092921
1381,Josh,2010,1737189
1382,Thakshak,1999,0215245
1383,Zakhmi Dil,1994,0292742
1384,Super,2005,0475735
1385,Pyar Ka Mandir,1988,0155074
1386,Dil Apna Punjabi,2006,0810834
1387,Utopia,2015,3095238
1388,Nasir,2020,9890308
1389,Krazzy 4,2008,1182908
1390,Rendu,2006,0954967
1391,I Am,2010,1629295
1392,Kuselan,2008,1273218
1393,Anji,2004,0239235
1394,Maati Pehchaan,2021,11993020
1395,Jai Jai Maharashtra Majha,2012,7288806
1396,Laaga Chunari Mein Daag: Journey of a Woman,2007,0985636
1397,The Booth,2019,12252500
1398,Dilwale,1994,0337611
1399,Plan,2004,0364604
1400,5 Sundarikal,2013,3005920
1401,Engeyum Eppodhum,2011,2065924
1402,Fire in the Blood,2013,1787067
1403,Captain,2018,6747224
1404,Ebar Shabor,2015,4328756
1405,Chori Mera Kaam,1975,0246493
1406,Garm Hava,1974,0073034
1407,Khiladi 420,2000,0255305
1408,Mundina Nildana,2019,10882938
1409,Ashta Chamma,2008,1704137
1410,Do Knot Disturb,2009,1343362
1411,Dil Boley Oberoi,2017,6481008
1412,Veda BF,2018,7779728
1413,Kala Shah Kala,2019,8850698
1414,Sexy Durga,2017,6227192
1415,Kyon Ki...,2005,0451787
1416,Naachiyar,2018,7738594
1417,Commando,1988,0363525
1418,Annavaram,2006,0493389
1419,Mail,2020,13847946
1420,Siddharth,2013,2932606
1421,Bairaag,1976,0371558
1422,Saathi,1991,0156982
1423,Yatra,2018,3996396
1424,Karz: The Burden of Truth,2002,0342624
1425,My Brother... Nikhil,2005,0419992
1426,Dil Dosti Etc,2007,1099196
1427,Farz,1967,0061650
1428,Gunde Jaari Gallanthayyinde,2013,2846134
1429,Kadaseela Biriyani,2021,11441458
1430,Maxim India: Behind the Scenes,2012,9694032
1431,Yun Hota Toh Kya Hota,2006,0470614
1432,Bhoot and Friends,2010,1807978
1433,Oohalu Gusagusalade,2014,3835608
1434,Jagte Raho,1956,0049378
1435,Rashna: The Ray of Light,,7830722
1436,Karma,2021,14083776
1437,The Trip,2016,6337878
1438,Project Z,2019,12659944
1439,Chaalis Chauraasi,2012,2184125
1440,Alpha Adimai,2021,12771058
1441,Seemabaddha,1971,0067729
1442,Criminal,1994,0112738
1443,Hum Paanch,1980,0080901
1444,Mudda 370 J&K,2019,10751548
1445,Varsham,2004,0439869
1446,Jung,2000,0289725
1447,Kshana Kshanam,1991,0187115
1448,Shree,2013,2826126
1449,Main Intequam Loonga,1982,0260156
1450,Khel,2003,0371775
1451,Sudigaadu,2012,2359290
1452,Saboot,1980,0253618
1453,"Gallit Gondhal, Dillit Mujra",2009,1446071
1454,Tahkhana,1986,0260411
1455,Jeene Ki Raah,1969,0148353
1456,Lekin...,1990,0100002
1457,Rhythm,2000,0285993
1458,Infected 2030,2021,14667580
1459,Johnny,2003,0316062
1460,Masterpiece,2017,6774092
1461,Bichhoo,2000,0252277
1462,Wild Karnataka,2020,9866708
1463,Qahar,1997,0251356
1464,Sir,1993,0108144
1465,"Gandhi, My Father",2007,0459293
1466,Paar,1984,0087868
1467,Shatranj,1993,0108109
1468,Anamika,1973,0069711
1469,Samay: When Time Strikes,2003,0384491
1470,Mrugtrushna,2021,10981076
1471,Decoupled,,14167338
1472,Nandanam,2002,0357946
1473,The Twist,2020,11754278
1474,Kakkakuyil,2001,0277774
1475,Guddi,1971,0067164
1476,A Sublime Love Story: Barsaat,2005,0444767
1477,Dil Tera Aashiq,1993,0106725
1478,Kal Ki Awaz,1992,0158694
1479,Ozhivudivasathe Kali,2015,4920960
1480,Kurbaan,1991,0102746
1481,Jwar Bhata,1973,0357819
1482,Paleri Manikyam: Oru Pathirakolapathakathinte Katha,2009,1573478
1483,Shaheed,1965,0293589
1484,Ashanti,1982,0239244
1485,Mamta,1966,0060659
1486,Khayali Pulao,2020,12618940
1487,Black & White,2008,1206283
1488,Kaaviya Thalaivan,2014,2624704
1489,Mastana,1970,0317902
1490,Unnale Unnale,2007,0982944
1491,Hero No. 1,1997,0119285
1492,Annayya,2000,0239236
1493,Je Jatt Vigad Geya,2021,14203864
1494,Shibaji,2008,1405520
1495,Aflatoon,1997,0225029
1496,Surajya Sanhita,2019,11006412
1497,Kohram,1999,0213775
1498,Clerk,1989,0233464
1499,Shanti Kranti,1991,0173189
1500,Sainikudu,2006,0843372
1501,Jaago,2004,0401532
1502,In Pursuit of Silence,2015,4026570
1503,Bharathchandran I.P.S,2005,0463429
1504,Aanandam,2016,5998104
1505,Zamaana Deewana,1995,0115042
1506,The Lost Vagabonds,2021,15035448
1507,Enigma - The Fallen Angel,2021,13995298
1508,Son of India,1962,0232674
1509,Mili,1975,0073391
1510,The Violin Player,2015,4643520
1511,Tu Chor Main Sipahi,1996,0117983
1512,Dak Bangla,1987,0260838
1513,Deewana,2013,2753628
1514,My Friend Ganesha,2007,1065099
1515,Manzil Manzil,1984,0087678
1516,Fareb,1996,0286620
1517,Kunwara Baap,1974,0071730
1518,Time Pass,2014,3446426
1519,Ram Teri Ganga Maili,1985,0152139
1520,X Ray: The Inner Image,2019,8028076
1521,Howrah Bridge,1958,0051747
1522,3 Dev,2019,8308780
1523,Amir Garib,1974,0233202
1524,Tu Sooraj Main Saanjh Piyaji,2017,7762656
1525,Joshilaay,1989,0089382
1526,Chila Sankethika Kaaranangalal,2021,14480590
1527,Aar-Paar,1954,0046673
1528,Parash Pathar,1958,0052046
1529,G.O.D - Gods of Dharmapuri,2019,11963582
1530,Halkaa,2018,8136908
1531,Ee Parakkum Thalika,2001,0319337
1532,Ittefaq,2001,0297983
1533,Souryam,2008,1612039
1534,Mehndi,1998,0273804
1535,Ek Hazaaron Mein Meri Behna Hai,2011,2366915
1536,Ispade Rajavum Idhaya Raniyum,2019,10016532
1537,Super,2010,1807022
1538,Jabardasth,2013,2699290
1539,Talash,1969,0065064
1540,Apradh,1972,0175450
1541,The tomb of Sher Shah Suri,2021,13796688
1542,Kudrat,1981,0154749
1543,Welcome to Sajjanpur,2008,1221139
1544,Aaina,1977,0154178
1545,Shama,1961,0414506
1546,Prem Geet,1981,0313495
1547,Deewana Main Deewana,2013,2361022
1548,Theeviravaathi: The Terrorist,1998,0169302
1549,Kaala Sona,1975,0073224
1550,Aaghaaz,2000,0254927
1551,Chotti Bahu,2008,6805492
1552,Jeannie Aur Juju,2012,2504274
1553,Taaqatwar,1989,0362213
1554,Ongole Githa,2013,2649718
1555,Maacher Jhol,2017,6903200
1556,Maut,1998,0488315
1557,Hawa Singh,,11841010
1558,Masss,2015,4328798
1559,Khatron Ke Khiladi,1988,0095440
1560,Dill Mill Gayye,2007,2366871
1561,Prem Pujari,1970,0066241
1562,Shortcut Romeo,2013,2066062
1563,Sri Rama Rajyam,2011,1783377
1564,Devadasu,2006,0884855
1565,Rakkhosh,2019,6018556
1566,Ghar,1978,0077609
1567,Raghuveer,1995,0114225
1568,Mujhe Kucch Kehna Hai,2001,0284328
1569,San' 75 (Pachattar),2021,4334260
1570,Keshava,2017,6342396
1571,Jeete Hain Shaan Se,1988,0361772
1572,Vel,2007,1436481
1573,Bye2,2020,13781794
1574,Bir Baba Hindu,2016,5608972
1575,Adhe Kangal,2017,6348454
1576,Thadaiyara Thaakka,2012,2199330
1577,Bibaho Diaries,2017,6496688
1578,Andar Baahar,1984,0086892
1579,Kasam Paida Karne Wale Ki,1984,0362798
1580,Loser,2020,11893070
1581,Bouma,2019,9743140
1582,Adda,2019,8347754
1583,Boondi Raita,,11800152
1584,Na Bole Tum Na Maine Kuch Kaha,2012,2192156
1585,Prem Aggan,1998,0210920
1586,Colours of Innocence,2016,6384376
1587,Anubhav,1986,0395453
1588,Manjha,2017,6963912
1589,Subhash Chandra Bose: The Mystery,2016,6248376
1590,Lashtam Pashtam,2018,6154834
1591,Partu,2015,3809032
1592,Be-Imaan,1972,0149814
1593,"Good Boy, Bad Boy",2007,0489486
1594,Kahanibaaz,2018,9271450
1595,Classmates,2006,0867145
1596,Leader,2010,1613040
1597,Raja Shivchhatrapati,2008,2354568
1598,C Kkompany,2008,1170399
1599,Beintehaa,2013,5653500
1600,Dhunki,2019,10592506
1601,Chori Chori,2003,0326805
1602,Kroadh,1990,0099953
1603,Law,2020,12344428
1604,Do Jasoos,1975,0361515
1605,Sonali Cable,2014,2871010
1606,Phool Aur Patthar,1966,0139525
1607,Anpadh,1962,0206554
1608,Dil Hi To Hai,1963,0056998
1609,Meri Biwi Ka Jawab Nahin,2004,0187279
1610,Abdullah,1980,0259170
1611,Tarikh,2018,8146434
1612,Aunty Sudha Aunty Radha,2019,9664696
1613,Sansar,1987,0260345
1614,Mazaa Mazaa,2005,0488316
1615,Duvidha,1973,0070009
1616,Jomonte Suvisheshangal,2017,6059074
1617,Indra,2002,0319557
1618,Roti Kapada Aur Makaan,1974,0072100
1619,Shala,2011,1830802
1620,Savdhaan India - Naya Adhyay,2018,8937498
1621,Anwar,2010,1757671
1622,Mounam Pesiyadhe,2002,0386650
1623,Aan Milo Sajna,1970,0178184
1624,Jai Hind,1999,0286728
1625,Bajatey Raho,2013,2848824
1626,Woh Rehne Waali Mehlon Ki,2005,1500475
1627,Choodalani Vundi,1998,0245835
1628,Saithan,2016,6286666
1629,Yudh,1985,0090358
1630,Mera Saaya,1966,0060689
1631,Uvaa,2015,4541102
1632,6-5=2,2014,5162476
1633,Fazeeta,2019,11361302
1634,Nenu Naa Rakshasi,2011,1911606
1635,Aag,1994,0338690
1636,Bodies of Desire,2021,13081356
1637,Kunwara,2000,0253194
1638,Mumbai Pune Mumbai 2,2015,5190944
1639,Kadambari,2015,4658786
1640,Metta,2014,15035730
1641,Kontract,2022,14423288
1642,Tere Naal Love Ho Gaya,2012,2130242
1643,Jeena Isi Ka Naam Hai,2017,5756052
1644,Sarabha,2018,5782230
1645,Saath Saath,1982,0341554
1646,Aakhri Dao,1958,0178173
1647,Koli Taal,2021,11612144
1648,Aatank,1996,0446889
1649,Patthar Ke Sanam,1967,0176012
1650,Jatt & Juliet 2,2013,2673882
1651,Bombai Ka Babu,1960,0053629
1652,Sound of Silence,2017,6909664
1653,Pyaar Ka Saaya,1991,0399530
1654,Country of Blind,,10944832
1655,Yaan,2014,2571022
1656,Saajan Ki Baahon Mein,1995,0114316
1657,Bade Dil Wala,1983,0317117
1658,Jawab Hum Denge,1987,0093299
1659,Gandhi of the Month,,1836740
1660,Nagina,1986,0091601
1661,Vir Das: For India,2020,11611314
1662,Jaaneman,2012,3091982
1663,Dharma,1973,0355374
1664,Remember Amnesia,2019,4465668
1665,Sharato Lagu,2018,9014884
1666,"1956, Central Travancore",2019,10366954
1667,Sargam,1979,0246914
1668,Dulaara,1994,0121232
1669,Shaadi Teri Bajayenge Hum Band,2018,7856176
1670,Tumhe Dillagi,2016,10595160
1671,Victoria No. 203,1972,0158331
1672,Maro Charithra,1978,0154849
1673,Hawaa Hawaai,2014,3501994
1674,Swamy Ra Ra,2013,2767354
1675,Sultanat,1986,0092026
1676,Shiraz,1928,0019374
1677,Prem Kahani,1975,0073569
1678,Beta,1992,0101437
1679,Rudhramadevi,2015,2807410
1680,Second Show,2012,2265539
1681,Angaar,1992,0103689
1682,Nazar,2005,0456558
1683,Kismet Love Paisa Dilli,2012,2402131
1684,Raja Jani,1972,0358063
1685,Village Rockstars,2017,7297966
1686,Nala Damayanthi,2003,0382866
1687,Anari No. 1,1999,0200435
1688,Chalo Ishq Ladaaye,2002,0348824
1689,Sanyasi,1975,0073657
1690,Sindoor,1987,0359990
1691,Samundar,1986,0266926
1692,Ayal Njanalla,2015,4686500
1693,Rakhi,1962,0156922
1694,Metro,2016,5833302
1695,Jaagruti,1993,0107249
1696,Ayee Milan Ki Bela,1964,0233147
1697,Buddha Mar Gaya,2007,1083447
1698,Beti Bete,1964,0057884
1699,Phool Aur Kaante,1991,0254683
1700,Indrajeet,1991,0102119
1701,Astitva,2000,0261545
1702,Main Mulayam Singh Yadav,2021,12084320
1703,Khushboo,1975,0215900
1704,Mirch,2010,1388903
1705,Traffic Signal,2007,0819810
1706,First Rank Raju,2015,5237816
1707,Khoj,2017,6095994
1708,Prem Nagar,1974,0072026
1709,Shikar,1968,0148841
1710,Shastra,1996,0117623
1711,Kabrastan,1988,0440530
1712,My Bollywood Bride,2006,0397551
1713,Yeh Majhdhaar,1996,0115019
1714,Kala Pani,1958,0051806
1715,Aya Sawan Jhoom Ke,1969,0229950
1716,Aatma,2013,2389974
1717,Kanchivaram,2008,1286811
1718,Borbaad,2014,3958596
1719,Striker,2010,1573482
1720,Rajanna,2011,1869640
1721,Pradhanmantri,2013,3246616
1722,Jeevan Ek Sanghursh,1990,0104548
1723,Vrutti,,10657082
1724,Night Out,2019,10366330
1725,Aradhana,1969,0065416
1726,La muerte incierta,1973,0068978
1727,Na Aana Iss Des Laado,2009,1576767
1728,Sragaal,2020,12553164
1729,Dil Hai Betaab,1993,0359157
1730,Nazrana,1987,0093604
1731,Inteqam: The Perfect Game,2004,0349620
1732,Shoorveer,1988,0359978
1733,Adavi Ramudu,2004,0416458
1734,Chandro ka Devar,2019,11474922
1735,Maanikya,2014,3184756
1736,Coolie,1983,0085361
1737,Punashchha Hari Om,2021,14866992
1738,Ishq Ka Rang Safed,2015,4964564
1739,Just U & Me,2013,3300880
1740,Dark Chocolate,2016,5872506
1741,Consequence Karma,2021,13723200
1742,Shab,2017,4287778
1743,Goal,2007,0973808
1744,99,2019,10329084
1745,All in All Azhagu Raja,2013,3253476
1746,Nimir,2018,7509020
1747,Munnibai,1999,1027835
1748,Lips Don't Lie,2020,13262844
1749,Nishchaiy,1992,0105007
1750,The Train,1970,0246286
1751,Network,2019,5057746
1752,Chacha Bhatija,1977,0213544
1753,Paroma,1985,0087886
1754,Karnan,1964,0250461
1755,Chor Machaye Shor,1974,0175530
1756,Dulaara,2015,4868958
1757,Deedar,1951,0137459
1758,3 Deewarein,2003,0338490
1759,Ghulam-E-Musthafa,1997,0185335
1760,Lajja,2016,5465308
1761,Souten Ki Beti,1989,0364015
1762,O.P.160/18 Kakshi: Amminippilla,2019,8934918
1763,Janam Se Pehle,1994,0230358
1764,#Homecoming,,14767926
1765,Hum Kaun Hai?,2004,0405024
1766,Mr. Azaad,1994,0110584
1767,Meelo Evaru Koteeswarudu,2016,6836558
1768,Alajh Palajh,2019,11360670
1769,Hariyali Aur Rasta,1962,0156593
1770,Mrityudaata,1997,0119721
1771,Parichay,1972,0216067
1772,Chinar Daastaan-E-Ishq,2015,5021968
1773,Sapthamashree Thaskaraha,2014,3982468
1774,Kalyug,1981,0080982
1775,Vaanathaipola,2000,0810469
1776,Mr Joe B. Carvalho,2014,2876408
1777,Gharana Mogudu,1992,0245917
1778,Antaheen,2009,1359552
1779,Meri Jung Ka Elaan,2000,0481880
1780,Bhrashtachar,1989,0096922
1781,Manbhanjan,2019,10955516
1782,Henna,1991,0121352
1783,Khatre Da Ghuggu,2020,9823562
1784,Samar,2013,2187114
1785,Barah Aana,2009,1202517
1786,Autohead,2016,5513098
1787,Subarnarekha,1965,0056537
1788,Cameraman Gangatho Rambabu,2012,2327239
1789,Aisi Bhi Kya Jaldi Hai,1996,0149609
1790,Taj Mahal,1963,0057555
1791,Rahul Subramanian: Kal Main Udega,2018,8060054
1792,Hum Tum Pe Marte Hain,1999,0226786
1793,Do Badan,1966,0231469
1794,Oh My Friend,2011,2088847
1795,Endukante... Premanta,2012,2385073
1796,Mouna Guru,2011,2145803
1797,Ondu Motteya Kathe,2017,6620238
1798,Swapnakoodu,2003,0378826
1799,Kaptaan,2016,5595240
1800,Elaan,2005,0416712
1801,Gafla,2006,0896934
1802,Kora Kagaz,1974,0246740
1803,Bhuvan Shome,1969,0064086
1804,Bhabhipedia,2018,6078194
1805,Bal Bramhachari,1996,0115616
1806,Dacait,1987,0266439
1807,Chakravartin Ashoka Samrat,2015,4505268
1808,Govindudu Andari Vaadele,2014,3802668
1809,Thuruppu Gulan,2006,0808500
1810,Saajan Bina Suhagan,1978,0388387
1811,Prem Tapasya,1983,0262703
1812,The Perfect Murder,1988,0176016
1813,The Last Lear,2007,1039969
1814,The Most Interesting Person in the Room by Kenny Sebastian,2020,12241424
1815,Joru Ka Ghulam,2000,0250452
1816,Joy,2021,14392398
1817,Tora Tora,2017,6656262
1818,Mumbai Cutting,2008,1221142
1819,Tujhyat Jeev Rangala,2016,6409156
1820,Inkaar,1977,0366616
1821,Georgettan's Pooram,2017,6188518
1822,Judge Singh LLB,2015,4678200
1823,Vishudha Rathrikal,2021,14728942
1824,Platform,1993,0376080
1825,Mere Khwabon Mein Jo Aaye,2009,1288644
1826,Chota Mumbai,2007,0924213
1827,Meri Durga,2017,7762954
1828,Naina,2005,0443594
1829,Half Ticket,1962,0056052
1830,Ankahee,2006,0495022
1831,Awaargi,1990,0099076
1832,Romance Complicated,2016,4834850
1833,30 Weds 21,2021,14631516
1834,Mar Mitenge,1988,0359657
1835,Baba Kalyani,2006,0896909
1836,Bangaram,2006,0469027
1837,Kabhi Na Kabhi,1998,0116737
1838,Aaaah,2014,3189026
1839,Heer Raanjha,1970,0148266
1840,Pyare Mohan,2006,0461323
1841,Parasmani,1963,0242760
1842,Waleed,2021,14858662
1843,Disconnected,2020,12331826
1844,Paap Ki Duniya,1988,0243472
1845,Milan,1967,0061974
1846,Karate,1983,0361793
1847,Alex Pandian,2013,2614032
1848,Chess,2006,0842001
1849,Andaz,1994,0109116
1850,Kotwal Saab,1977,0244596
1851,Police Force: An Inside Story,2004,0416120
1852,4 Thieves,2020,11687286
1853,Yaadein...,2001,0248617
1854,Lajja,2001,0293342
1855,Taxi Driver,1954,0047561
1856,Pyaar Tune Kya Kiya...,2001,0281102
1857,Faasle,1985,0089119
1858,Richie,2017,7297586
1859,Sapnon Ka Saudagar,1968,0232585
1860,Biswa Kalyan Rath: Biswa Mast Aadmi,2017,6789140
1861,An Insignificant Man,2016,3917908
1862,Ghar Sansar,1986,0154532
1863,Chann Pardesee,1980,0310865
1864,Meri Aawaz Suno,1981,0359688
1865,Vijeta,1982,0153545
1866,Shikari: The Hunter,1991,0170416
1867,Jigyaasa,2006,0819777
1868,BomBhaat,2020,12723616
1869,U Me Aur Hum,2008,1039995
1870,Oru Vadakkan Selfie,2015,4557014
1871,Ladki,1953,0259390
1872,Sitapur Ki Geeta,1987,0243561
1873,Raaz,1967,0206238
1874,Aap Aye Bahaar Ayee,1971,0178192
1875,Teree Sang: A Kidult Love Story,2009,1485072
1876,Tadka,,5705876
1877,Dil Ek Mandir,1963,0139157
1878,Aamhi Doghi,2018,7748478
1879,Dillagi,1978,0157540
1880,Hum Ho Gaye Aap Ke,2001,0292552
1881,Osthi,2011,2133300
1882,Anegan,2015,2002868
1883,Hebbuli,2017,3962184
1884,Bombay Boys,1998,0168529
1885,Pullikkaran Staraa,2017,6774106
1886,White Rainbow,2004,0398390
1887,Adhikar,1971,0283844
1888,Thodisi Bewafaii,1980,0081624
1889,Zamaane Ko Dikhana Hai,1981,0230993
1890,Chingaari,2006,0454429
1891,Ramaa: The Saviour,2010,1279105
1892,Jagir,1984,0157844
1893,Bittu,2020,11985920
1894,Andhrudu,2005,0944185
1895,Parinati,1989,0230622
1896,Ek Nai Paheli,1984,0154446
1897,Badlapur Boys,2014,2767712
1898,Ajanabee,1974,0268129
1899,The Shoonyah: Chapter 1 - Blow of the War Horns,2021,14402742
1900,Aparichithan,2004,0396456
1901,Jay Jay,2003,0416874
1902,Quicksand,2002,0282883
1903,Raat Aur Din,1967,0156923
1904,Golmaal,2008,1405501
1905,Tumsa Nahin Dekha,1957,0051117
1906,Aatish: Feel the Fire,1994,0267246
1907,Hawa,2003,0369516
1908,Nagin,1976,0074949
1909,The Miniaturist of Junagadh,,14381682
1910,Razia Sultan,2015,5032360
1911,180,2011,1855110
1912,Shankardada Zindabad,2007,0944233
1913,Aap Kaa Surroor: The Moviee - The Real Luv Story,2007,0995840
1914,Raag,2021,14205992
1915,Himmat Aur Mehanat,1987,0154589
1916,Teesri Aankh,1982,0245494
1917,Dastak,1970,0137455
1918,Betaabi,1997,0286503
1919,Droh Kaal,1994,0178392
1920,Patthar Aur Payal,1974,0431316
1921,Insaaf Apne Lahoo Se,1994,0349618
1922,Kehta Hai Dil Jee Le Zara,2013,3500954
1923,The Senapatis: Mission Bombay,,12176188
1924,Tu Mo Love Story 2,2019,12651550
1925,Sanam,1997,0152278
1926,Bau Na Vichaar,2019,10112154
1927,Khajoor Pe Atke,2018,7260848
1928,Bablee,2021,15282112
1929,Christian Brothers,2011,1877589
1930,Koyelaanchal,2014,3640942
1931,Va: Quarter Cutting,2010,1735932
1932,Kanden Kadhalai,2009,1613110
1933,Black Sheep,2016,5751574
1934,36 Chowringhee Lane,1981,0081968
1935,Censor,2001,0272543
1936,Post Box 999,1958,0052082
1937,Ishkq in Paris,2013,1986040
1938,Meenaxi: Tale of 3 Cities,2004,0366761
1939,Nirbandham,2020,13231270
1940,Judaai,1980,0260112
1941,Shuddhi: Ek Nayi Shuruaat,2015,5743672
1942,Aaye Din Bahar Ke,1966,0229952
1943,Ninne Pelladatha,1996,0359750
1944,Thenali,2000,0262037
1945,Touch Chesi Chudu,2018,6468814
1946,Aa Gale Lag Jaa,1973,0177473
1947,Silsiilay,2005,0438981
1948,Doosukeltha,2013,3230300
1949,The Forest,2009,0495111
1950,Maayanadhi,2020,9648792
1951,Reshma Aur Shera,1971,0067668
1952,Jo Bole So Nihaal,2005,0436451
1953,Jis Desh Men Ganga Behti Hai,1960,0053965
1954,Izzat,1968,0254437
1955,Darling,2007,1085806
1956,Faraar,1975,0072972
1957,Pahuna: The Little Visitors,2017,6940696
1958,Professor Shanku O El Dorado,2019,8364102
1959,Nachom-ia Kumpasar,2015,4742102
1960,Gair Kaanooni,1989,0187043
1961,Zabardast,1985,0230991
1962,Shikari,2000,0120117
1963,Dhool Ka Phool,1959,0052736
1964,Raahu,2020,10768548
1965,Karz Chukana Hai,1991,0172646
1966,Tawaif,1985,0090138
1967,Do Qaidi,1989,0359169
1968,Papi Gudia,1996,0267813
1969,Just Married: Marriage Was Only the Beginning!,2007,0785004
1970,Jung Da Maidan,1997,1194663
1971,Neev,1991,6689766
1972,Kahanibaaz - The Story Teller,,14050880
1973,Kaasav: Turtle,2017,6272504
1974,Best of Luck,2013,2215348
1975,Fired,2010,1577050
1976,Shagird,1967,0306065
1977,Naran,2005,0463622
1978,Pairon Talle,2010,1709731
1979,Calling Bell,2015,6685082
1980,Hum Kisise Kum Naheen,1977,0076167
1981,Laila Majnu,1976,0266712
1982,Rise of the Zombie,2013,2633598
1983,Aaradhu Sinam,2016,5304614
1984,Ek Call,2013,2936950
1985,Muddat,1986,0154909
1986,My Mother's Girlfriend,2021,13905616
1987,Hawas,1974,0304147
1988,Raampur Ka Lakshman,1972,0214042
1989,Saatwan Aasman,1992,0157003
1990,Jihad,2017,7071122
1991,Filmi Raasleela,2020,13406130
1992,Jogwa,2009,1653015
1993,Jaundya Na Balasaheb,2016,6129358
1994,Kasme Vaade,1978,0077792
1995,Her First Time,2018,7698922
1996,Kosa,2020,12841844
1997,Shaukeen,1982,0158213
1998,Maryada: Lekin Kab Tak?,2010,7762818
1999,Dubai Seenu,2007,0944195
2000,Rafoo Chakkar,1975,0155997
2001,Tan-Badan,1986,0092049
2002,Pyaar Ke Side Effects,2006,0480572
2003,Gharana,1961,0146791
2004,Bhoot Bungla,1965,0271397
2005,Raam,2005,0453190
2006,Rajjo,2013,2438764
2007,Prague,2013,2401719
2008,Chatur Singh Two Star,2011,1363363
2009,Daddy's Daughter,2017,6590978
2010,Aap Ki Parchhaiyan,1964,0233145
2011,Insaaf,1987,0093263
2012,Dil Diya Dard Liya,1966,0060310
2013,Maharana Pratap: The First Freedom Fighter,2012,2193145
2014,Babu Bhaijan,2020,12695542
2015,Gaganam,2011,1704144
2016,Glamour,2014,7874712
2017,Akayla,1991,0101284
2018,Insan,2005,0438875
2019,Bruce Lee: The Fighter,2015,5038448
2020,Yahan Mein Ghar Ghar Kheli,2009,1587102
2021,Aah,1953,0045467
2022,Nagin,1954,0048410
2023,Baazi,1951,0043307
2024,Kal Aaj Aur Kal,1971,0330505
2025,Maalamaal,1988,0300160
2026,Bluff Master,1963,0213524
2027,Kala Bazar,1960,0053980
2028,Aag Hi Aag,1987,0177487
2029,Naukar Biwi Ka,1983,0232169
2030,Don Seenu,2010,1692189
2031,Surakshaa,1995,0343048
2032,Piyaa Albela,2017,6907788
2033,P Se Pyaar F Se Faraar,2019,10816510
2034,Moods of Crime,2015,4839000
2035,Main Azaad Hoon,1989,0097812
2036,Zindagi Ek Juaa,1992,0105897
2037,Amar,1954,0046703
2038,Siege,2019,9865446
2039,Zubaan,2015,3776484
2040,Ladies First,2017,6896078
2041,Machhli Jal Ki Rani Hai,2014,2208248
2042,Bhai,2013,2644178
2043,Nau Do Gyarah,1957,0050757
2044,Sirf Tum,1999,0244794
2045,Mere Sanam,1965,0059445
2046,Yaadgaar,1970,0066589
2047,Lathi,2021,15292638
2048,Albela,1951,0137349
2049,3 AM: A Paranormal Experience,2014,3720634
2050,Paras,1971,0246842
2051,Ka Kha Ga Gha,2018,8060588
2052,The Great Indian Butterfly,2007,1087852
2053,Nammoora Mandaara Hoove,1997,0317942
2054,Salt Mango Tree,2015,5180478
2055,Lootera,1965,0357875
2056,Barsaat Ki Raat,1960,0053637
2057,Ab Dilli Dur Nahin,1957,0137341
2058,Wake N Bake by Rohan Joshi,2020,11518300
2059,Mili,2015,4279684
2060,Charas: A Joint Effort,2004,0410952
2061,Gazal,1964,0139237
2062,Riyasat,2014,2283894
2063,Zulmi,1999,0282275
2064,Anokhi Raat,1968,0147843
2065,Ek Hazarachi Note,2014,2937158
2066,GujjuBhai: Most Wanted,2018,7790898
2067,"Life, Death and Reincarnation",2016,5702890
2068,Kathah Vichitrah,2017,12211638
2069,Kumki,2012,2404801
2070,Aaj Ka Goonda Raaj,1992,0247909
2071,Salim Langde Pe Mat Ro,1989,0241914
2072,Rishta.com,2010,1739752
2073,Pyaar Koi Khel Nahin,1999,0209263
2074,Sharmeelee,1971,0067742
2075,"Yours Sincerely, Kanan Gill",2020,12055392
2076,Khauff,2000,0220596
2077,I Deal Friendship,2020,12434276
2078,Chargesheet,2011,1368453
2079,Sethum Aayiram Pon,2020,8976418
2080,Pushpa,2015,6925604
2081,Aazmayish,1995,0109031
2082,Prem Ya Paheli: Chandrakanta,2017,6755668
2083,Kab? Kyoon? Aur Kahan?,1970,0271023
2084,Aan,1952,0044318
2085,Boyz 2,2018,8873348
2086,Jung,1996,0116726
2087,Sancharram,2004,0470913
2088,Maqsad,1984,0154844
2089,Alif-Laila,1953,0154126
2090,Udaan,1997,0287065
2091,Manjunath,2014,3056632
2092,Drishyam 3,,14113634
2093,Chaplin,2011,2040306
2094,Rediscovering India,2017,4208284
2095,Quick Gun Murugun: Misadventures of an Indian Cowboy,2009,1176911
2096,Naughty @ 40,2011,1363125
2097,Union Leader,2017,6395306
2098,Lubdh,,13479298
2099,Khadgam,2002,0339252
2100,Dhada,2011,1954381
2101,Ram Aur Shyam,1996,0483786
2102,Unicorn,2021,9013878
2103,Raja Ko Rani Se Pyar Ho Gaya,2000,0255543
2104,Love in Tokyo,1966,0157944
2105,Insaniyat,1994,0110140
2106,Amiri Garibi,1990,0236978
2107,Tamanna,1998,0205445
2108,Zindagi 50 50,2013,2929840
2109,Let's Play,2020,13010540
2110,Purana Mandir,1984,0253514
2111,Angaaray,1998,0288427
2112,Lukan Michi,2019,9049340
2113,Bahubali,2008,4549714
2114,Kuchhe Dhaage,1973,0231847
2115,Dil Apna Aur Preet Parai,1960,0053767
2116,Talaaq,1958,0232759
2117,Warrant,1975,0158356
2118,Tathastu,2006,0444915
2119,Boys in School,2019,11461106
2120,Yeh Raat Phir Na Aaygi,1966,0061206
2121,Anthony Kaun Hai?,2006,0800981
2122,Aravindante Athidhikal,2018,7557024
2123,Khooni Murdaa,1989,0363740
2124,Hexing,2017,6396104
2125,Kaanbhatt,2021,11355358
2126,Byomkesh Bakshi,2010,1723596
2127,Mr. Das,2019,10735938
2128,Lust a Cinema,2018,8237252
2129,Azaad,1978,0157337
2130,GRADE,2017,7371104
2131,Abhinetri,1970,0178218
2132,On Air with AIB,2015,5272790
2133,Thelivu,2019,10828520
2134,Khel Khel Mein,1975,0073236
2135,Venicile Vyapari,2011,2062703
2136,My Son Is Gay,2019,3638722
2137,Shaadi No. 1,2005,0449389
2138,Zor: Never Underestimate the Force,1998,0264210
2139,Oxygen,2018,8157482
2140,Anthaka Mundu Aa Tarvatha,2013,3139000
2141,Khel Khilari Ka,1977,0363739
2142,Kuttanadan Marpappa,2018,7585540
2143,Aithe,2003,0460394
2144,The Great Story of Sodabuddi,2016,5652478
2145,Aastha: In the Prison of Spring,1997,0229193
2146,Saajan Ki Saheli,1981,0347920
2147,Mishawr Rawhoshyo,2013,3148268
2148,De Taali,2008,1024839
2149,Thodari,2016,5959700
2150,Naughty Jatts,2013,2984648
2151,Baaghi,2000,0326745
2152,Tara,1993,0833575
2153,Sawan Bhadon,1970,0341563
2154,Karsandas Pay and Use,2017,6771678
2155,Anubhuti: Taking the Legacy Forward,2015,5949094
2156,A Rainy Day,2014,3527068
2157,Lovers Like 'Us',2002,1577844
2158,Love in Nepal,2004,0405121
2159,Le Parisien,2015,15049030
2160,Confessions of a Cuckoo,2021,12567408
2161,Thatrom Thookrom,2020,7247410
2162,Kayam,2011,1918889
2163,Aakhri Baazi,1989,0178171
2164,Rajaji,1999,0286910
2165,Happy Journey,2014,4443924
2166,Kadhal Sadugudu,2003,4960754
2167,Ladies Special,2009,1719849
2168,Kisse Pyaar Karoon?,2009,0438894
2169,Poomaram,2018,6277824
2170,L.A.C.,2021,14101264
2171,The Fakir of Venice,2009,0456407
2172,Muqaddar Ka Faisla,1987,0239682
2173,Aghatit,2020,14462878
2174,B Positive,,4594780
2175,Take One,2014,3324612
2176,Bigg Boss,2018,8537520
2177,Photo-Prem,2021,14110940
2178,Autonagar Surya,2014,2224057
2179,Bedardi,1993,0358992
2180,Gaurav Gupta: Market Down Hai,2021,14624470
2181,Jabardasth,2013,9810328
2182,Raaste Kaa Patthar,1972,0069152
2183,Asal,2010,1483821
2184,Mixed Doubles,2006,0458017
2185,Mystic India,2005,0400675
2186,Devathayai Kanden,2005,2396443
2187,Tere Ghar Ke Samne,1963,0057568
2188,Satyamev Jayate,1987,0230737
2189,Mere Hamdam Mere Dost,1968,0175908
2190,Puthukkottaielerenthu Saravanan,2004,1744880
2191,Abalamban,2021,10959824
2192,Paying Guest,1957,0050829
2193,Teen Maar,2011,1889440
2194,Prem Patra,1962,0056367
2195,Thulasi,2007,1122610
2196,Yours Emotionally!,2006,0818705
2197,Veyyil,2006,1045898
2198,Mirapakai,2011,1814797
2199,It's My Pleasure,2020,12941836
2200,Lalkar (The Challenge),1972,0268416
2201,Limitless,2017,6084030
2202,Chandrolsavam,2005,0448408
2203,Shutter,2012,2522328
2204,The Great Freedom Fighter Lokmanya Bal Gangadhar Tilak - Swaraj My Birthright,2018,9066518
2205,Aa Dekhen Zara,2009,1372681
2206,Rakhwala,1971,0067651
2207,Amanuda,2021,13812838
2208,Bodyguard,2012,2100411
2209,Ray,2018,9844102
2210,Shimul Palash Katha,2021,14097450
2211,Samrajyam,1990,0271768
2212,Carry on Kesar,2017,5908764
2213,Oh Bewafa,1980,0395687
2214,Daag,1952,0044527
2215,Teenkahon,2014,3479530
2216,Inkenti Nuvve Cheppu,2017,5714092
2217,Lateef,2013,2777548
2218,Adhuri Kahaani Hamari,2015,6477736
2219,Vaastu Shastra,2004,0416282
2220,Time Out,2017,7807324
2221,Tera Jadoo Chal Gayaa,2000,0250774
2222,Jurrat,1989,0926204
2223,Chhupa Rustam,1973,0069871
2224,Khandesh Ka Jawai,,12998454
2225,Asche Bochor Abar Hobe,2015,10505592
2226,Mr. X in Bombay,1964,0357926
2227,Bhasad,2021,14512370
2228,Biwi-O-Biwi,1981,0266333
2229,Jeevan Dhaara,1982,0260107
2230,Ghutan,2007,1087850
2231,Jwlwi - The Seed,2019,10247160
2232,The Highest Pass,2011,1809370
2233,Har Har Byomkesh,2015,5304172
2234,Mr. Airavata,2015,5078812
2235,Ilzaam,1986,0091258
2236,Arunachalam,1999,0139861
2237,Mighty Little Bheem,2019,10050752
2238,Remo,2016,6126294
2239,Junko,2017,7972000
2240,TSP's Rabish Ki Report,2017,9422974
2241,Sharafat,1970,0351714
2242,The Flip Side: A Truth That Could Not Reach You,2015,6321972
2243,Bigg Boss Kannada,2013,2911448
2244,Ek Mahal Ho Sapno Ka,1975,0214663
2245,Junction Varanasi,2019,8806502
2246,Sawan Ki Ghata,1966,0176121
2247,Shirdi Sai,2012,2397561
2248,Jamba Lakidi Pamba,2018,8071688
2249,Nippu,2012,2175823
2250,Ka Bodyscapes,2016,5047160
2251,Seasons Greeting,2019,10919600
2252,Bhoomiyile Manohara Swakaryam,2020,11295984
2253,Bade Ghar Ki Beti,1989,0231214
2254,Aryan: Unbreakable,2006,0454396
2255,Love Breakups Zindagi,2011,1877691
2256,Karma,2015,2393296
2257,Raja Aur Runk,1968,0214037
2258,Maazii,2013,2554042
2259,Makaramanju,2010,1830704
2260,Agnichakra,1997,0112308
2261,Aag Ka Gola,1990,0177489
2262,The Death Sentence: Mrityu Dand,1997,0119720
2263,Bhajjo Veero Ve,2018,9190740
2264,Mujhe Jeene Do,1963,0057332
2265,Gabhroo Punjab Da,1986,2339459
2266,Halal,2017,5511856
2267,Calcutta 71,1971,0066880
2268,Hatya: The Murder,2004,0432536
2269,Yagavarayinum Naa Kakka,2015,4435282
2270,Bailaras,2017,7567288
2271,Intaquam,1969,0300033
2272,Riding Solo to the Top of the World,2006,0903013
2273,Isi Ka Naam Zindagi,1992,0304204
2274,Tarana,1951,0129422
2275,Aag Se Khelenge,1989,0096748
2276,Be-Reham,1980,0230028
2277,Aurat,1967,0061370
2278,Asuravadham,2018,8076418
2279,Love and God,1986,0091439
2280,Mantra 2,2013,4226854
2281,Rasathanthram,2006,0770203
2282,Aakashaganga II,2019,9883042
2283,Banarasi Babu,1997,0118680
2284,Mujrim,1989,0097926
2285,Michael,2011,1754202
2286,Ko 2,2016,5215260
2287,Samarasimha Reddy,1999,1575672
2288,Lanka,2011,2137064
2289,Sarocharu,2012,2520342
2290,Zakhmee,1975,0073923
2291,Laila,1984,0087586
2292,Ek Lift Story,2018,8250836
2293,Tum Haseen Main Jawan,1970,0309005
2294,Aaba,2017,6110822
2295,Ganga Ki Lahren,1964,0418698
2296,Jagriti,1955,0145851
2297,Eka Lagnachi Dusri Goshta,2012,2255102
2298,Insaaf Kaun Karega,1984,0359473
2299,Aasma,2018,2949654
2300,Bhanwar,1976,0297781
2301,36 Ghante,1974,0071307
2302,Lailaa O Lailaa,2015,4678788
2303,Kirayadar,1986,0157899
2304,The Guru,1969,0064396
2305,Silsila Hai Pyar Ka,1999,0267928
2306,Love School,2015,10122670
2307,8MM Bullet,2018,9011126
2308,Drohi,1992,0225566
2309,3D Saamri,1985,0260335
2310,Gumnaam: The Mystery,2008,1372694
2311,Pyar Hua Chori Chori,1992,0155072
2312,Gho Gho Rani,2019,9643832
2313,Ashok,2006,0483977
2314,Wafaa,2008,1372304
2315,Dubai Return,2005,0497611
2316,Heera,1973,0070166
2317,Indian Premier League,2008,2317751
2318,Neerali,2018,7470414
2319,Bahu Beti,1965,0207320
2320,Vikas Ki Bahu,2018,11360912
2321,100% Love,2012,2579680
2322,Loha,1987,0359614
2323,Bhram: An Illusion,2008,1214948
2324,7 1/2 Phere: More Than a Wedding,2005,0453582
2325,Bewaqoof,1960,0231254
2326,Kootathil Oruthan,2017,6278350
2327,Guest House,1980,0260060
2328,Pooja Ke Phool,1964,0156903
2329,Isi Life Mein...!,2010,1781838
2330,"Goldfish, Noodles etc.",2021,14807344
2331,Ganga Tere Desh Mein,1988,0359309
2332,Water Burial,2019,11570308
2333,A Flat,2010,0988655
2334,Joshila,1973,0158690
2335,Laal Paree,1991,1977844
2336,Aaye Hum Barati Barat Leke,2021,14915532
2337,Badle Ki Aag,1982,0083608
2338,Market,2003,0381408
2339,Chakravyuha,2016,5349428
2340,Yamagola,1977,0207222
2341,5 Rifles,1974,0231592
2342,Sethurama Iyer CBI,2004,0393724
2343,Shaadi Abhi Baaki Hai,2017,5568866
2344,Dil Deke Dekho,1959,0230141
2345,The Householder,1963,0057162
2346,Moksha: Salvation,2001,0301240
2347,Viraat,2021,14638256
2348,Zehreela Insaan,1974,0232977
2349,Crossing Bridges,2013,2271275
2350,Garam Masala,1972,0068620
2351,The Coffin Maker,2013,1784654
2352,Pranayam,2011,2042633
2353,Heera Panna,1973,0154578
2354,Banaras,2006,0449189
2355,Kenjira,2019,12140194
2356,Kottaga Rekkalocchena,2021,14325118
2357,Noise of Silence,2021,12916150
2358,Fisaa,2021,14558168
2359,Pudhcha Paaul,2011,8306978
2360,Rama Rama Re,2016,6169798
2361,Samhaara,2018,6834466
2362,Saadi Love Story,2013,2746136
2363,Jaal,1952,0044761
2364,Lava,1985,0089465
2365,Athaku Yamudu Ammayiki Mogudu,1989,0245731
2366,Fera Feri Hera Feri,2018,8120934
2367,Family Katta,2016,6041344
2368,Tauba Tera Jalwa,2021,11495838
2369,Mahal,1970,0275489
2370,Shabri,2011,2032530
2371,Andha Naal,1954,0154153
2372,Jaane-Anjaane,1971,0268394
2373,Godavari,2006,0813548
2374,Mogudu,2011,2093185
2375,Colours Of Life,2018,8669826
2376,Aatidonji Dina,2019,11443174
2377,Oonche Log,1965,0236554
2378,Badaltey Rishtey,1978,0077200
2379,Pasand Apni Apni,1983,0158071
2380,Chintakayala Ravi,2008,1187038
2381,Aaya Toofan,1999,0495794
2382,Ganesh,2009,1579544
2383,Motor Mitraan Di,2016,6611578
2384,Sar Utha Ke Jiyo,1998,0376158
2385,Film Hi Film,1983,0361617
2386,Hum Hindustani,1960,0053928
2387,Shaurya Aur Suhani,2009,2800146
2388,Bhagyawan,1994,0450577
2389,3 Bachelors,2012,2224254
2390,Zameer,1975,0073924
2391,Anarkali,1953,0045506
2392,Solva Saal,1958,0052217
2393,The Don,1995,0112884
2394,Ennum Eppozhum,2015,4553712
2395,Dhakad Chhora 2,2007,11570492
2396,Haani,2013,3211048
2397,Bhai-Bhai,1956,0259214
2398,Tum: A Dangerous Obsession,2004,0402607
2399,Harud,2010,1659205
2400,Porki,2010,1651934
2401,Not a Love Triangle,2021,15281840
2402,Antarmahal: Views of the Inner Chamber,2005,0454391
2403,Munthiri Monchan,2019,9886872
2404,The Creative Indians,2016,9583184
2405,Shubh Aarambh,2017,6949882
2406,Bahu Begum,1967,0139048
2407,Life is Beautiful,,15235140
2408,The Caterpillar Effect,2018,8037706
2409,Saajan Chale Sasural,1996,0246905
2410,Badrinath,2011,1625856
2411,Oru Kuttanadan Blog,2018,7005164
2412,Dehleez,2016,6093500
2413,One,2017,6958152
2414,Vo Ladki,2022,13576680
2415,Vetri Vizha,1989,0140677
2416,Aarti,1962,0056806
2417,Maryada,1971,0067403
2418,Shashank,2021,12975816
2419,Chhailla Babu,1977,0257475
2420,Khamosh Adalat Jaari Hai,2017,5182656
2421,Bittoo Boss,2012,2347289
2422,Fatso!,2012,1286766
2423,Fox,2009,1324076
2424,Bakita Byaktigato,2013,3119172
2425,Panch Parmeshwar,1995,1329214
2426,Thai Jashe!,2016,5545568
2427,Waisa Bhi Hota Hai Part II,2003,0387678
2428,Sachin,2019,7268750
2429,Encounter: The Killing,2002,0375733
2430,Gharwali Baharwali,1988,0443742
2431,Son Rise,2019,9074318
2432,Starting Troubles,2020,11807718
2433,Chuttalabbayi,2016,6070344
2434,Moner Majhe Tumi,2003,2049504
2435,Angels,2014,3788918
2436,August 15,2011,1773290
2437,Just Mohabbat,1996,1692203
2438,Raja Kumarudu,1999,0285940
2439,Maseeha,2002,0341458
2440,Dilbar,1994,0346870
2441,Bheegi Raat,1965,0139065
2442,Ek-Hi-Rasta,1956,0049175
2443,Latt Saheb,1967,0318391
2444,Jawan Muhabat,1971,0206054
2445,Bedroom,2012,2600010
2446,Abohomaan,2009,1461674
2447,Kasautii Zindagii Kay,2001,1450737
2448,Gadera,2021,14088270
2449,Chaitali,1975,0244457
2450,Lakshmi,2017,7999872
2451,Yaar,2020,10809014
2452,Bikram Singha: The Lion Is Back,2012,5986568
2453,Poi Solla Porom,2008,1378320
2454,Friday,2012,2344824
2455,Final Solution,2004,0402178
2456,Loham,2015,4881242
2457,Family 420 Once Again,2019,8733862
2458,Adaminte Makan Abu,2011,1945039
2459,Ishqeria,2018,2802062
2460,Banegi Apni Baat,1994,1692200
2461,Wedding Pullav,2015,4651394
2462,Kanan Gill: Keep It Real,2017,6774914
2463,Himalay Ki Godmein,1965,0156606
2464,Sattham,2019,12659124
2465,Laat Sahab,2010,11483028
2466,Tank Cleaner,2021,9537936
2467,15 Park Avenue,2005,0449159
2468,Karishmaa,1984,0877649
2469,Aabroo,1968,0290393
2470,Dilli Ka Thug,1958,0247291
2471,Ram Ke Naam,1992,0105208
2472,Kabzaa,1988,0156663
2473,Mera Naam Shaji,2019,8984634
2474,Indira,1995,0121401
2475,Khwahish,2003,0349679
2476,Lagan,2020,14552832
2477,Black Market,2021,9384472
2478,Aadupuliyattam,2016,5326230
2479,Hulchul,1971,0215859
2480,Neeli Hakki,2021,14722072
2481,Mummy Save Me,2016,6303464
2482,Kutty Pisasu,2010,1657293
2483,Officer Arjun Singh IPS,2019,10815982
2484,Tu Mera Hero,2014,4818586
2485,Oh My Pyo!,2014,3307450
2486,Simhasanam 2021,2012,2796978
2487,Season,1989,0292226
2488,Ouija: Game Never Ends,2015,5159734
2489,Arai Enn 305-il Kadavul,2008,1858396
2490,Baharen Phir Bhi Aayengi,1966,0060145
2491,Kitne Door... Kitne Paas,2002,0313395
2492,Lip lock 2020,2020,11821860
2493,Pyar Hi Pyar,1969,0064857
2494,Mangalashtak Once More,2013,3375154
2495,Temporary Roommates,2021,14676084
2496,Man Ki Aankhen,1970,0230498
2497,Somewhere Else Tomorrow,2014,3268034
2498,Rock Dancer,1995,0274764
2499,Little boy,2019,9614490
